chang_date,code,in_out
2013/12/16,601965,takein
2013/12/16,601718,takein
2013/12/16,601566,takein
2013/12/16,600894,takein
2013/12/16,600885,takein
2013/12/16,600881,takein
2013/12/16,600754,takein
2013/12/16,600699,takein
2013/12/16,600640,takein
2013/12/16,600587,takein
2013/12/16,600508,takein
2013/12/16,600392,takein
2013/12/16,600320,takein
2013/12/16,600300,takein
2013/12/16,600280,takein
2013/12/16,603000,dropout
2013/12/16,601886,dropout
2013/12/16,601677,dropout
2013/12/16,600867,dropout
2013/12/16,600648,dropout
2013/12/16,600641,dropout
2013/12/16,600633,dropout
2013/12/16,600622,dropout
2013/12/16,600590,dropout
2013/12/16,600578,dropout
2013/12/16,600501,dropout
2013/12/16,600330,dropout
2013/12/16,600326,dropout
2013/12/16,600295,dropout
2013/12/16,600246,dropout
2013/12/16,600231,dropout
2013/12/16,600227,dropout
2013/12/16,600103,dropout
2013/12/16,600072,dropout
2013/12/16,600008,dropout
2013/12/16,2585,dropout
2013/12/16,2475,dropout
2013/12/16,2456,dropout
2013/12/16,2449,dropout
2013/12/16,2326,dropout
2013/12/16,2287,dropout
2013/12/16,2230,dropout
2013/12/16,2218,dropout
2013/12/16,2129,dropout
2013/12/16,2121,dropout
2013/12/16,2006,dropout
2013/12/16,959,dropout
2013/12/16,932,dropout
2013/12/16,918,dropout
2013/12/16,917,dropout
2013/12/16,912,dropout
2013/12/16,903,dropout
2013/12/16,828,dropout
2013/12/16,793,dropout
2013/12/16,713,dropout
2013/12/16,708,dropout
2013/12/16,698,dropout
2013/12/16,661,dropout
2013/12/16,659,dropout
2013/12/16,601,dropout
2013/12/16,598,dropout
2013/12/16,503,dropout
2013/12/16,410,dropout
2013/12/16,400,dropout
2013/12/16,159,dropout
2013/12/16,600199,takein
2013/12/16,600132,takein
2013/12/16,600125,takein
2013/12/16,600120,takein
2013/12/16,2690,takein
2013/12/16,2646,takein
2013/12/16,2588,takein
2013/12/16,2572,takein
2013/12/16,2508,takein
2013/12/16,2493,takein
2013/12/16,2416,takein
2013/12/16,2400,takein
2013/12/16,2378,takein
2013/12/16,2371,takein
2013/12/16,2368,takein
2013/12/16,2271,takein
2013/12/16,2266,takein
2013/12/16,2251,takein
2013/12/16,2221,takein
2013/12/16,2153,takein
2013/12/16,2092,takein
2013/12/16,977,takein
2013/12/16,969,takein
2013/12/16,921,takein
2013/12/16,799,takein
2013/12/16,788,takein
2013/12/16,780,takein
2013/12/16,688,takein
2013/12/16,669,takein
2013/12/16,552,takein
2013/12/16,422,takein
2013/12/16,413,takein
2013/12/16,409,takein
2013/12/16,49,takein
2013/12/16,30,takein
2014/6/16,2400,dropout
2014/6/16,2416,dropout
2014/6/16,2493,dropout
2014/6/16,413,dropout
2014/6/16,600841,dropout
2014/6/16,601216,dropout
2014/6/16,601588,dropout
2014/6/16,601929,dropout
2014/6/16,2167,dropout
2014/6/16,600277,dropout
2014/6/16,600595,dropout
2014/6/16,738,dropout
2014/6/16,2465,dropout
2014/6/16,600117,dropout
2014/6/16,600308,dropout
2014/6/16,2292,dropout
2014/6/16,2306,dropout
2014/6/16,2638,dropout
2014/6/16,600470,dropout
2014/6/16,2410,dropout
2014/6/16,2429,dropout
2014/6/16,600223,dropout
2014/6/16,600236,dropout
2014/6/16,517,dropout
2014/6/16,600880,dropout
2014/6/16,2252,dropout
2014/6/16,600499,dropout
2014/6/16,600581,dropout
2014/6/16,600829,dropout
2014/6/16,608,dropout
2014/6/16,683,dropout
2014/6/16,600269,dropout
2014/6/16,600373,dropout
2014/6/16,2470,dropout
2014/6/16,2283,dropout
2014/6/16,600717,dropout
2014/6/16,2008,dropout
2014/6/16,600063,dropout
2014/6/16,600069,dropout
2014/6/16,600106,dropout
2014/6/16,600408,dropout
2014/6/16,600121,dropout
2014/6/16,600469,dropout
2014/6/16,600531,dropout
2014/6/16,600533,dropout
2014/6/16,600594,dropout
2014/6/16,600388,dropout
2014/6/16,600589,dropout
2014/6/16,42,dropout
2014/6/16,822,dropout
2014/6/16,2069,takein
2014/6/16,2052,takein
2014/6/16,2032,takein
2014/6/16,2018,takein
2014/6/16,933,takein
2014/6/16,703,takein
2014/6/16,693,takein
2014/6/16,596,takein
2014/6/16,528,takein
2014/6/16,603555,takein
2014/6/16,601886,takein
2014/6/16,601717,takein
2014/6/16,601369,takein
2014/6/16,601101,takein
2014/6/16,601099,takein
2014/6/16,601012,takein
2014/6/16,600997,takein
2014/6/16,600971,takein
2014/6/16,600970,takein
2014/6/16,600967,takein
2014/6/16,600859,takein
2014/6/16,600823,takein
2014/6/16,600811,takein
2014/6/16,600803,takein
2014/6/16,600694,takein
2014/6/16,600582,takein
2014/6/16,600566,takein
2014/6/16,600536,takein
2014/6/16,600528,takein
2014/6/16,600432,takein
2014/6/16,600398,takein
2014/6/16,600389,takein
2014/6/16,600266,takein
2014/6/16,600201,takein
2014/6/16,600187,takein
2014/6/16,600175,takein
2014/6/16,600169,takein
2014/6/16,600160,takein
2014/6/16,2714,takein
2014/6/16,2705,takein
2014/6/16,2595,takein
2014/6/16,2551,takein
2014/6/16,2431,takein
2014/6/16,2358,takein
2014/6/16,2311,takein
2014/6/16,2244,takein
2014/6/16,2242,takein
2014/6/16,2204,takein
2014/6/16,2155,takein
2014/6/16,2128,takein
2014/12/15,600499,takein
2014/12/15,600546,takein
2014/12/15,600895,takein
2014/12/15,601001,takein
2014/12/15,601666,takein
2014/12/15,601872,takein
2014/12/15,603005,takein
2014/12/15,603328,takein
2014/12/15,603369,takein
2014/12/15,12,takein
2014/12/15,62,takein
2014/12/15,519,takein
2014/12/15,555,takein
2014/12/15,656,takein
2014/12/15,661,takein
2014/12/15,681,takein
2014/12/15,718,takein
2014/12/15,748,takein
2014/12/15,758,takein
2014/12/15,959,takein
2014/12/15,961,takein
2014/12/15,2030,takein
2014/12/15,2106,takein
2014/12/15,2174,takein
2014/12/15,2240,takein
2014/12/15,2269,takein
2014/12/15,2299,takein
2014/12/15,2390,takein
2014/12/15,2505,takein
2014/12/15,2665,takein
2014/12/15,2727,takein
2014/12/15,300039,takein
2014/12/15,300059,takein
2014/12/15,300088,takein
2014/12/15,300115,takein
2014/12/15,300134,takein
2014/12/15,300144,takein
2014/12/15,300147,takein
2014/12/15,300168,takein
2014/12/15,300202,takein
2014/12/15,300253,takein
2014/12/15,300273,takein
2014/12/15,600062,takein
2014/12/15,600098,takein
2014/12/15,600216,takein
2014/12/15,600219,takein
2014/12/15,600259,takein
2014/12/15,600317,takein
2014/12/15,600376,takein
2014/12/15,600433,takein
2014/12/15,409,dropout
2014/12/15,518,dropout
2014/12/15,559,dropout
2014/12/15,627,dropout
2014/12/15,655,dropout
2014/12/15,759,dropout
2014/12/15,799,dropout
2014/12/15,935,dropout
2014/12/15,987,dropout
2014/12/15,2032,dropout
2014/12/15,2049,dropout
2014/12/15,2075,dropout
2014/12/15,2152,dropout
2014/12/15,2153,dropout
2014/12/15,2154,dropout
2014/12/15,2190,dropout
2014/12/15,2262,dropout
2014/12/15,2305,dropout
2014/12/15,2378,dropout
2014/12/15,2447,dropout
2014/12/15,2534,dropout
2014/12/15,2572,dropout
2014/12/15,2601,dropout
2014/12/15,600038,dropout
2014/12/15,600054,dropout
2014/12/15,600094,dropout
2014/12/15,600139,dropout
2014/12/15,601636,dropout
2014/12/15,600268,dropout
2014/12/15,600311,dropout
2014/12/15,600322,dropout
2014/12/15,600398,dropout
2014/12/15,600449,dropout
2014/12/15,600479,dropout
2014/12/15,600491,dropout
2014/12/15,600500,dropout
2014/12/15,600503,dropout
2014/12/15,600508,dropout
2014/12/15,600566,dropout
2014/12/15,600570,dropout
2014/12/15,600683,dropout
2014/12/15,600723,dropout
2014/12/15,600724,dropout
2014/12/15,600815,dropout
2014/12/15,600858,dropout
2014/12/15,600888,dropout
2014/12/15,600963,dropout
2014/12/15,601100,dropout
2014/12/15,601339,dropout
2014/12/15,601616,dropout
2015/6/15,600467,dropout
2015/6/15,600490,dropout
2015/6/15,600582,dropout
2015/6/15,600612,dropout
2015/6/15,600616,dropout
2015/6/15,600740,dropout
2015/6/15,600820,dropout
2015/6/15,600830,dropout
2015/6/15,600844,dropout
2015/6/15,601011,dropout
2015/6/15,601099,dropout
2015/6/15,601388,dropout
2015/6/15,601519,dropout
2015/6/15,601566,dropout
2015/6/15,601872,dropout
2015/6/15,50,dropout
2015/6/15,506,dropout
2015/6/15,510,dropout
2015/6/15,555,dropout
2015/6/15,712,dropout
2015/6/15,809,dropout
2015/6/15,886,dropout
2015/6/15,927,dropout
2015/6/15,959,dropout
2015/6/15,977,dropout
2015/6/15,982,dropout
2015/6/15,2052,dropout
2015/6/15,2083,dropout
2015/6/15,2123,dropout
2015/6/15,2226,dropout
2015/6/15,2320,dropout
2015/6/15,2498,dropout
2015/6/15,2505,dropout
2015/6/15,2612,dropout
2015/6/15,2690,dropout
2015/6/15,2714,dropout
2015/6/15,300059,dropout
2015/6/15,300168,dropout
2015/6/15,600078,dropout
2015/6/15,600098,dropout
2015/6/15,600162,dropout
2015/6/15,600197,dropout
2015/6/15,600239,dropout
2015/6/15,600266,dropout
2015/6/15,600317,dropout
2015/6/15,600333,dropout
2015/6/15,600401,dropout
2015/6/15,600432,dropout
2015/6/15,600438,dropout
2015/6/15,600439,dropout
2015/6/15,401,takein
2015/6/15,547,takein
2015/6/15,582,takein
2015/6/15,592,takein
2015/6/15,600,takein
2015/6/15,869,takein
2015/6/15,2049,takein
2015/6/15,2143,takein
2015/6/15,2190,takein
2015/6/15,2195,takein
2015/6/15,2373,takein
2015/6/15,2400,takein
2015/6/15,2466,takein
2015/6/15,2642,takein
2015/6/15,2681,takein
2015/6/15,300033,takein
2015/6/15,300043,takein
2015/6/15,300072,takein
2015/6/15,300199,takein
2015/6/15,300244,takein
2015/6/15,300267,takein
2015/6/15,300274,takein
2015/6/15,300291,takein
2015/6/15,600058,takein
2015/6/15,600079,takein
2015/6/15,600143,takein
2015/6/15,600267,takein
2015/6/15,600395,takein
2015/6/15,600403,takein
2015/6/15,600436,takein
2015/6/15,600446,takein
2015/6/15,600498,takein
2015/6/15,600500,takein
2015/6/15,600566,takein
2015/6/15,600594,takein
2015/6/15,600617,takein
2015/6/15,600655,takein
2015/6/15,600664,takein
2015/6/15,600808,takein
2015/6/15,600880,takein
2015/6/15,600917,takein
2015/6/15,601005,takein
2015/6/15,601139,takein
2015/6/15,601226,takein
2015/6/15,603019,takein
2015/6/15,603169,takein
2015/6/15,603188,takein
2015/6/15,603698,takein
2015/6/15,603699,takein
2015/6/15,603899,takein
2015/12/14,415,dropout
2015/12/14,422,dropout
2015/12/14,540,dropout
2015/12/14,688,dropout
2015/12/14,735,dropout
2015/12/14,780,dropout
2015/12/14,788,dropout
2015/12/14,823,dropout
2015/12/14,850,dropout
2015/12/14,962,dropout
2015/12/14,2018,dropout
2015/12/14,2069,dropout
2015/12/14,2091,dropout
2015/12/14,2183,dropout
2015/12/14,2195,dropout
2015/12/14,2225,dropout
2015/12/14,2240,dropout
2015/12/14,2275,dropout
2015/12/14,2393,dropout
2015/12/14,2424,dropout
2015/12/14,2480,dropout
2015/12/14,2490,dropout
2015/12/14,2557,dropout
2015/12/14,2574,dropout
2015/12/14,2662,dropout
2015/12/14,2705,dropout
2015/12/14,300033,dropout
2015/12/14,300144,dropout
2015/12/14,600021,dropout
2015/12/14,600037,dropout
2015/12/14,600110,dropout
2015/12/14,600199,dropout
2015/12/14,600261,dropout
2015/12/14,600387,dropout
2015/12/14,600389,dropout
2015/12/14,600403,dropout
2015/12/14,600446,dropout
2015/12/14,600488,dropout
2015/12/14,600636,dropout
2015/12/14,600675,dropout
2015/12/14,600685,dropout
2015/12/14,600702,dropout
2015/12/14,600737,dropout
2015/12/14,600747,dropout
2015/12/14,600895,dropout
2015/12/14,600983,dropout
2015/12/14,601208,dropout
2015/12/14,601608,dropout
2015/12/14,601718,dropout
2015/12/14,601999,dropout
2015/12/14,50,takein
2015/12/14,970,takein
2015/12/14,2001,takein
2015/12/14,2051,takein
2015/12/14,2085,takein
2015/12/14,2180,takein
2015/12/14,2217,takein
2015/12/14,2344,takein
2015/12/14,2354,takein
2015/12/14,2439,takein
2015/12/14,2493,takein
2015/12/14,2498,takein
2015/12/14,2505,takein
2015/12/14,2568,takein
2015/12/14,2603,takein
2015/12/14,2653,takein
2015/12/14,2657,takein
2015/12/14,2714,takein
2015/12/14,2745,takein
2015/12/14,300026,takein
2015/12/14,300055,takein
2015/12/14,300085,takein
2015/12/14,300122,takein
2015/12/14,300182,takein
2015/12/14,300257,takein
2015/12/14,600022,takein
2015/12/14,600074,takein
2015/12/14,600094,takein
2015/12/14,600108,takein
2015/12/14,600236,takein
2015/12/14,600282,takein
2015/12/14,600316,takein
2015/12/14,600348,takein
2015/12/14,600388,takein
2015/12/14,600483,takein
2015/12/14,600497,takein
2015/12/14,600503,takein
2015/12/14,600516,takein
2015/12/14,600597,takein
2015/12/14,600751,takein
2015/12/14,600809,takein
2015/12/14,601168,takein
2015/12/14,601929,takein
2015/12/14,603025,takein
2015/12/14,603355,takein
2015/12/14,603567,takein
2015/12/14,603568,takein
2015/12/14,603589,takein
2015/12/14,603806,takein
2015/12/14,603883,takein
2016/6/13,2589,takein
2016/6/13,400,takein
2016/6/13,2353,takein
2016/6/13,158,takein
2016/6/13,2268,takein
2016/6/13,2310,takein
2016/6/13,2366,takein
2016/6/13,2038,takein
2016/6/13,2572,takein
2016/6/13,2375,takein
2016/6/13,937,takein
2016/6/13,2426,takein
2016/6/13,2261,takein
2016/6/13,598,takein
2016/6/13,2074,takein
2016/6/13,2512,takein
2016/6/13,2131,takein
2016/6/13,878,takein
2016/6/13,517,takein
2016/6/13,810,takein
2016/6/13,2410,takein
2016/6/13,8,takein
2016/6/13,727,takein
2016/6/13,983,takein
2016/6/13,2602,takein
2016/6/13,2002,takein
2016/6/13,581,takein
2016/6/13,600566,dropout
2016/6/13,600654,dropout
2016/6/13,600704,dropout
2016/6/13,600780,dropout
2016/6/13,600797,dropout
2016/6/13,600803,dropout
2016/6/13,600816,dropout
2016/6/13,600885,dropout
2016/6/13,600997,dropout
2016/6/13,601101,dropout
2016/6/13,601139,dropout
2016/6/13,603366,dropout
2016/6/13,603369,dropout
2016/6/13,603899,dropout
2016/6/13,2624,takein
2016/6/13,2640,takein
2016/6/13,2699,takein
2016/6/13,300001,takein
2016/6/13,300010,takein
2016/6/13,300032,takein
2016/6/13,300113,takein
2016/6/13,300166,takein
2016/6/13,300287,takein
2016/6/13,600053,takein
2016/6/13,600166,takein
2016/6/13,600266,takein
2016/6/13,600277,takein
2016/6/13,600466,takein
2016/6/13,600565,takein
2016/6/13,600623,takein
2016/6/13,600633,takein
2016/6/13,600682,takein
2016/6/13,600687,takein
2016/6/13,600717,takein
2016/6/13,601155,takein
2016/6/13,601699,takein
2016/6/13,603198,takein
2016/6/13,511,dropout
2016/6/13,525,dropout
2016/6/13,582,dropout
2016/6/13,603,dropout
2016/6/13,650,dropout
2016/6/13,693,dropout
2016/6/13,718,dropout
2016/6/13,719,dropout
2016/6/13,732,dropout
2016/6/13,852,dropout
2016/6/13,921,dropout
2016/6/13,933,dropout
2016/6/13,951,dropout
2016/6/13,2140,dropout
2016/6/13,2143,dropout
2016/6/13,2174,dropout
2016/6/13,2180,dropout
2016/6/13,2203,dropout
2016/6/13,2204,dropout
2016/6/13,2219,dropout
2016/6/13,2237,dropout
2016/6/13,2419,dropout
2016/6/13,2430,dropout
2016/6/13,2493,dropout
2016/6/13,2568,dropout
2016/6/13,2648,dropout
2016/6/13,2653,dropout
2016/6/13,300085,dropout
2016/6/13,300122,dropout
2016/6/13,300267,dropout
2016/6/13,600022,dropout
2016/6/13,600074,dropout
2016/6/13,600337,dropout
2016/6/13,600376,dropout
2016/6/13,600429,dropout
2016/6/13,600546,dropout
2016/12/12,25,takein
2016/12/12,89,takein
2016/12/12,723,takein
2016/12/12,761,takein
2016/12/12,806,takein
2016/12/12,825,takein
2016/12/12,959,takein
2016/12/12,960,takein
2016/12/12,999,takein
2016/12/12,2018,takein
2016/12/12,2019,takein
2016/12/12,2123,takein
2016/12/12,2176,takein
2016/12/12,2399,takein
2016/12/12,2407,takein
2016/12/12,2416,takein
2016/12/12,2422,takein
2016/12/12,2460,takein
2016/12/12,2491,takein
2016/12/12,2544,takein
2016/12/12,2581,takein
2016/12/12,2690,takein
2016/12/12,2707,takein
2016/12/12,300122,takein
2016/12/12,300136,takein
2016/12/12,300156,takein
2016/12/12,300159,takein
2016/12/12,300266,takein
2016/12/12,300296,takein
2016/12/12,300297,takein
2016/12/12,300324,takein
2016/12/12,600022,takein
2016/12/12,600098,takein
2016/12/12,600291,takein
2016/12/12,600307,takein
2016/12/12,600315,takein
2016/12/12,600338,takein
2016/12/12,600549,takein
2016/12/12,600600,takein
2016/12/12,600862,takein
2016/12/12,600863,takein
2016/12/12,600981,takein
2016/12/12,601016,takein
2016/12/12,601231,takein
2016/12/12,601689,takein
2016/12/12,603369,takein
2016/12/12,603377,takein
2016/12/12,603528,takein
2016/12/12,603866,takein
2016/12/12,603868,takein
2016/12/12,8,dropout
2016/12/12,30,dropout
2016/12/12,88,dropout
2016/12/12,550,dropout
2016/12/12,671,dropout
2016/12/12,887,dropout
2016/12/12,900,dropout
2016/12/12,983,dropout
2016/12/12,2049,dropout
2016/12/12,2074,dropout
2016/12/12,2085,dropout
2016/12/12,2131,dropout
2016/12/12,2181,dropout
2016/12/12,2216,dropout
2016/12/12,2267,dropout
2016/12/12,2293,dropout
2016/12/12,2299,dropout
2016/12/12,2310,dropout
2016/12/12,2426,dropout
2016/12/12,2461,dropout
2016/12/12,2466,dropout
2016/12/12,2624,dropout
2016/12/12,2678,dropout
2016/12/12,2714,dropout
2016/12/12,300072,dropout
2016/12/12,300182,dropout
2016/12/12,600004,dropout
2016/12/12,600132,dropout
2016/12/12,600236,dropout
2016/12/12,600320,dropout
2016/12/12,600456,dropout
2016/12/12,600482,dropout
2016/12/12,600498,dropout
2016/12/12,600507,dropout
2016/12/12,600509,dropout
2016/12/12,600510,dropout
2016/12/12,600617,dropout
2016/12/12,600623,dropout
2016/12/12,600754,dropout
2016/12/12,600761,dropout
2016/12/12,600812,dropout
2016/12/12,601005,dropout
2016/12/12,601126,dropout
2016/12/12,601155,dropout
2016/12/12,601226,dropout
2016/12/12,601369,dropout
2016/12/12,601515,dropout
2016/12/12,601666,dropout
2016/12/12,601965,dropout
2016/12/12,603699,dropout
2017/1/18,2670,takein
2017/1/18,748,dropout
2017/2/14,600848,takein
2017/2/14,600549,dropout
2017/6/12,27,takein
2017/6/12,39,takein
2017/6/12,61,takein
2017/6/12,536,takein
2017/6/12,662,takein
2017/6/12,712,takein
2017/6/12,729,takein
2017/6/12,732,takein
2017/6/12,766,takein
2017/6/12,778,takein
2017/6/12,2120,takein
2017/6/12,2127,takein
2017/6/12,2147,takein
2017/6/12,2468,takein
2017/6/12,2517,takein
2017/6/12,2583,takein
2017/6/12,2601,takein
2017/6/12,2709,takein
2017/6/12,2807,takein
2017/6/12,2815,takein
2017/6/12,2818,takein
2017/6/12,300002,takein
2017/6/12,300058,takein
2017/6/12,300116,takein
2017/6/12,300146,takein
2017/6/12,300376,takein
2017/6/12,300383,takein
2017/6/12,600126,takein
2017/6/12,600566,takein
2017/6/12,600582,takein
2017/6/12,600642,takein
2017/6/12,600648,takein
2017/6/12,600754,takein
2017/6/12,600839,takein
2017/6/12,600936,takein
2017/6/12,600996,takein
2017/6/12,601020,takein
2017/6/12,601811,takein
2017/6/12,601928,takein
2017/6/12,603000,takein
2017/6/12,603228,takein
2017/6/12,603444,takein
2017/6/12,603515,takein
2017/6/12,603556,takein
2017/6/12,603569,takein
2017/6/12,603658,takein
2017/6/12,603799,takein
2017/6/12,603816,takein
2017/6/12,603877,takein
2017/6/12,603888,takein
2017/6/12,631,dropout
2017/6/12,723,dropout
2017/6/12,861,dropout
2017/6/12,919,dropout
2017/6/12,931,dropout
2017/6/12,959,dropout
2017/6/12,961,dropout
2017/6/12,973,dropout
2017/6/12,2025,dropout
2017/6/12,2029,dropout
2017/6/12,2161,dropout
2017/6/12,2168,dropout
2017/6/12,2238,dropout
2017/6/12,2327,dropout
2017/6/12,2399,dropout
2017/6/12,2498,dropout
2017/6/12,2508,dropout
2017/6/12,2581,dropout
2017/6/12,2595,dropout
2017/6/12,2602,dropout
2017/6/12,2698,dropout
2017/6/12,2745,dropout
2017/6/12,600067,dropout
2017/6/12,600088,dropout
2017/6/12,600112,dropout
2017/6/12,600175,dropout
2017/6/12,600180,dropout
2017/6/12,600351,dropout
2017/6/12,600397,dropout
2017/6/12,600425,dropout
2017/6/12,600433,dropout
2017/6/12,600436,dropout
2017/6/12,600468,dropout
2017/6/12,600483,dropout
2017/6/12,600497,dropout
2017/6/12,600522,dropout
2017/6/12,600575,dropout
2017/6/12,600601,dropout
2017/6/12,600682,dropout
2017/6/12,600823,dropout
2017/6/12,600825,dropout
2017/6/12,600850,dropout
2017/6/12,600851,dropout
2017/6/12,600864,dropout
2017/6/12,600981,dropout
2017/6/12,601010,dropout
2017/6/12,601801,dropout
2017/6/12,601908,dropout
2017/6/12,603555,dropout
2017/6/12,869,dropout
2017/12/11,600718,takein
2017/12/11,718,takein
2017/12/11,2506,takein
2017/12/11,2152,takein
2017/12/11,156,takein
2017/12/11,600256,takein
2017/12/11,600155,takein
2017/12/11,300182,takein
2017/12/11,601128,takein
2017/12/11,600575,takein
2017/12/11,300197,takein
2017/12/11,600393,takein
2017/12/11,600346,takein
2017/12/11,600939,takein
2017/12/11,9,takein
2017/12/11,2745,takein
2017/12/11,807,takein
2017/12/11,2434,takein
2017/12/11,600578,takein
2017/12/11,2359,takein
2017/12/11,600438,takein
2017/12/11,2280,takein
2017/12/11,600037,takein
2017/12/11,600875,takein
2017/12/11,987,takein
2017/12/11,981,takein
2017/12/11,600737,takein
2017/12/11,601200,takein
2017/12/11,2183,takein
2017/12/11,601969,takein
2017/12/11,600623,takein
2017/12/11,300133,takein
2017/12/11,2131,takein
2017/12/11,600908,takein
2017/12/11,2032,takein
2017/12/11,601127,takein
2017/12/11,990,takein
2017/12/11,600004,takein
2017/12/11,600317,takein
2017/12/11,2195,takein
2017/12/11,600598,takein
2017/12/11,600823,takein
2017/12/11,603225,takein
2017/12/11,600179,takein
2017/12/11,2299,takein
2017/12/11,887,takein
2017/12/11,2049,takein
2017/12/11,600060,takein
2017/12/11,977,takein
2017/12/11,600885,takein
2017/12/11,726,dropout
2017/12/11,600586,dropout
2017/12/11,2194,dropout
2017/12/11,2315,dropout
2017/12/11,603005,dropout
2017/12/11,600805,dropout
2017/12/11,600720,dropout
2017/12/11,2309,dropout
2017/12/11,600790,dropout
2017/12/11,600831,dropout
2017/12/11,601929,dropout
2017/12/11,2572,dropout
2017/12/11,600198,dropout
2017/12/11,2601,dropout
2017/12/11,600528,dropout
2017/12/11,600220,dropout
2017/12/11,2460,dropout
2017/12/11,300122,dropout
2017/12/11,600487,dropout
2017/12/11,603866,dropout
2017/12/11,603799,dropout
2017/12/11,2217,dropout
2017/12/11,600596,dropout
2017/12/11,810,dropout
2017/12/11,600496,dropout
2017/12/11,300136,dropout
2017/12/11,603567,dropout
2017/12/11,300296,dropout
2017/12/11,2396,dropout
2017/12/11,2646,dropout
2017/12/11,2727,dropout
2017/12/11,600809,dropout
2017/12/11,600251,dropout
2017/12/11,300156,dropout
2017/12/11,600219,dropout
2017/12/11,517,dropout
2017/12/11,2120,dropout
2017/12/11,600736,dropout
2017/12/11,620,dropout
2017/12/11,616,dropout
2017/12/11,2468,dropout
2017/12/11,417,dropout
2017/12/11,600200,dropout
2017/12/11,603698,dropout
2017/12/11,600537,dropout
2017/12/11,601886,dropout
2017/12/11,601012,dropout
2017/12/11,600551,dropout
2017/12/11,600699,dropout
2017/12/11,697,dropout
2018/6/11,2422,dropout
2018/6/11,2551,dropout
2018/6/11,300147,dropout
2018/6/11,600059,dropout
2018/6/11,600176,dropout
2018/6/11,600284,dropout
2018/6/11,600289,dropout
2018/6/11,600346,dropout
2018/6/11,600438,dropout
2018/6/11,600516,dropout
2018/6/11,600566,dropout
2018/6/11,600587,dropout
2018/6/11,600628,dropout
2018/6/11,600776,dropout
2018/6/11,600826,dropout
2018/6/11,600880,dropout
2018/6/11,600894,dropout
2018/6/11,601002,dropout
2018/6/11,601231,dropout
2018/6/11,601699,dropout
2018/6/11,603001,dropout
2018/6/11,603528,dropout
2018/6/11,50,dropout
2018/6/11,99,dropout
2018/6/11,652,dropout
2018/6/11,662,dropout
2018/6/11,669,dropout
2018/6/11,680,dropout
2018/6/11,777,dropout
2018/6/11,786,dropout
2018/6/11,816,dropout
2018/6/11,897,dropout
2018/6/11,939,dropout
2018/6/11,981,dropout
2018/6/11,998,dropout
2018/6/11,2001,dropout
2018/6/11,2005,dropout
2018/6/11,2018,dropout
2018/6/11,2032,dropout
2018/6/11,2050,dropout
2018/6/11,2063,dropout
2018/6/11,2106,dropout
2018/6/11,2122,dropout
2018/6/11,2123,dropout
2018/6/11,2269,dropout
2018/6/11,2271,dropout
2018/6/11,2311,dropout
2018/6/11,2325,dropout
2018/6/11,2392,dropout
2018/6/11,2405,dropout
2018/6/11,8,takein
2018/6/11,686,takein
2018/6/11,738,takein
2018/6/11,750,takein
2018/6/11,813,takein
2018/6/11,980,takein
2018/6/11,2110,takein
2018/6/11,2129,takein
2018/6/11,2174,takein
2018/6/11,2180,takein
2018/6/11,2212,takein
2018/6/11,2302,takein
2018/6/11,2399,takein
2018/6/11,2424,takein
2018/6/11,2426,takein
2018/6/11,2465,takein
2018/6/11,2509,takein
2018/6/11,2563,takein
2018/6/11,2600,takein
2018/6/11,2831,takein
2018/6/11,2839,takein
2018/6/11,2841,takein
2018/6/11,2916,takein
2018/6/11,2920,takein
2018/6/11,300156,takein
2018/6/11,300308,takein
2018/6/11,300315,takein
2018/6/11,300418,takein
2018/6/11,600021,takein
2018/6/11,600167,takein
2018/6/11,600258,takein
2018/6/11,600350,takein
2018/6/11,600528,takein
2018/6/11,600649,takein
2018/6/11,600760,takein
2018/6/11,600777,takein
2018/6/11,600827,takein
2018/6/11,600895,takein
2018/6/11,601019,takein
2018/6/11,601098,takein
2018/6/11,601179,takein
2018/6/11,601608,takein
2018/6/11,601801,takein
2018/6/11,601872,takein
2018/6/11,601966,takein
2018/6/11,603056,takein
2018/6/11,603659,takein
2018/6/11,603885,takein
2018/6/11,603899,takein
2018/6/11,553,takein
2018/12/17,603866,takein
2018/12/17,60,takein
2018/12/17,537,takein
2018/12/17,559,takein
2018/12/17,564,takein
2018/12/17,623,takein
2018/12/17,717,takein
2018/12/17,723,takein
2018/12/17,932,takein
2018/12/17,998,takein
2018/12/17,2074,takein
2018/12/17,2372,takein
2018/12/17,2385,takein
2018/12/17,2470,takein
2018/12/17,2500,takein
2018/12/17,2507,takein
2018/12/17,300027,takein
2018/12/17,300168,takein
2018/12/17,300316,takein
2018/12/17,300347,takein
2018/12/17,300413,takein
2018/12/17,300450,takein
2018/12/17,300459,takein
2018/12/17,600008,takein
2018/12/17,600373,takein
2018/12/17,600376,takein
2018/12/17,600507,takein
2018/12/17,600567,takein
2018/12/17,600699,takein
2018/12/17,600779,takein
2018/12/17,553,dropout
2018/12/17,566,dropout
2018/12/17,572,dropout
2018/12/17,592,dropout
2018/12/17,661,dropout
2018/12/17,703,dropout
2018/12/17,762,dropout
2018/12/17,806,dropout
2018/12/17,825,dropout
2018/12/17,977,dropout
2018/12/17,979,dropout
2018/12/17,1696,dropout
2018/12/17,2011,dropout
2018/12/17,2022,dropout
2018/12/17,2073,dropout
2018/12/17,2179,dropout
2018/12/17,2180,dropout
2018/12/17,2190,dropout
2018/12/17,2261,dropout
2018/12/17,2342,dropout
2018/12/17,2428,dropout
2018/12/17,2479,dropout
2018/12/17,2600,dropout
2018/12/17,2657,dropout
2018/12/17,2841,dropout
2018/12/17,300032,dropout
2018/12/17,300039,dropout
2018/12/17,600782,takein
2018/12/17,600804,takein
2018/12/17,600820,takein
2018/12/17,600901,takein
2018/12/17,600959,takein
2018/12/17,601003,takein
2018/12/17,601005,takein
2018/12/17,601100,takein
2018/12/17,601106,takein
2018/12/17,300043,dropout
2018/12/17,300116,dropout
2018/12/17,300273,dropout
2018/12/17,600004,dropout
2018/12/17,600108,dropout
2018/12/17,601231,takein
2018/12/17,601326,takein
2018/12/17,601718,takein
2018/12/17,601866,takein
2018/12/17,601869,takein
2018/12/17,601958,takein
2018/12/17,601990,takein
2018/12/17,603233,takein
2018/12/17,603486,takein
2018/12/17,603650,takein
2018/12/17,603712,takein
2018/12/17,600187,dropout
2018/12/17,600292,dropout
2018/12/17,600300,dropout
2018/12/17,600317,dropout
2018/12/17,600395,dropout
2018/12/17,600422,dropout
2018/12/17,600481,dropout
2018/12/17,600517,dropout
2018/12/17,600521,dropout
2018/12/17,600578,dropout
2018/12/17,600635,dropout
2018/12/17,600651,dropout
2018/12/17,600760,dropout
2018/12/17,600936,dropout
2018/12/17,601233,dropout
2018/12/17,603019,dropout
2018/12/17,603188,dropout
2018/12/17,603589,dropout
2018/12/28,600270,dropout
2019/5/15,601598,takein
2019/6/17,301,takein
2019/6/17,601699,takein
2019/6/17,601615,takein
2019/6/17,601611,takein
2019/6/17,601333,takein
2019/6/17,601139,takein
2019/6/17,601118,takein
2019/6/17,601068,takein
2019/6/17,600985,takein
2019/6/17,603939,takein
2019/6/17,603517,takein
2019/6/17,603501,takein
2019/6/17,600909,takein
2019/6/17,600903,takein
2019/6/17,600845,takein
2019/6/17,600763,takein
2019/6/17,600745,takein
2019/6/17,600739,takein
2019/6/17,600707,takein
2019/6/17,600549,takein
2019/6/17,600521,takein
2019/6/17,600515,takein
2019/6/17,600497,takein
2019/6/17,600486,takein
2019/6/17,600317,takein
2019/6/17,300207,takein
2019/6/17,300009,takein
2019/6/17,2948,takein
2019/6/17,2946,takein
2019/6/17,2941,takein
2019/6/17,2936,takein
2019/6/17,2926,takein
2019/6/17,2821,takein
2019/6/17,2812,takein
2019/6/17,2797,takein
2019/6/17,2607,takein
2019/6/17,2572,takein
2019/6/17,2419,takein
2019/6/17,2405,takein
2019/6/17,2387,takein
2019/6/17,2382,takein
2019/6/17,2217,takein
2019/6/17,2157,takein
2019/6/17,2085,takein
2019/6/17,2075,takein
2019/6/17,983,takein
2019/6/17,959,takein
2019/6/17,883,takein
2019/6/17,869,takein
2019/6/17,826,takein
2019/6/17,600594,dropout
2019/6/17,2663,dropout
2019/6/17,2642,dropout
2019/6/17,2588,dropout
2019/6/17,2563,dropout
2019/6/17,2477,dropout
2019/6/17,2410,dropout
2019/6/17,2400,dropout
2019/6/17,600503,dropout
2019/6/17,600366,dropout
2019/6/17,600256,dropout
2019/6/17,600240,dropout
2019/6/17,600184,dropout
2019/6/17,600122,dropout
2019/6/17,600086,dropout
2019/6/17,300413,dropout
2019/6/17,300347,dropout
2019/6/17,300291,dropout
2019/6/17,300202,dropout
2019/6/17,300156,dropout
2019/6/17,300146,dropout
2019/6/17,2359,dropout
2019/6/17,2354,dropout
2019/6/17,2345,dropout
2019/6/17,2308,dropout
2019/6/17,2277,dropout
2019/6/17,2276,dropout
2019/6/17,2147,dropout
2019/6/17,2041,dropout
2019/6/17,2013,dropout
2019/6/17,969,dropout
2019/6/17,667,dropout
2019/6/17,656,dropout
2019/6/17,612,dropout
2019/6/17,596,dropout
2019/6/17,418,dropout
2019/6/17,49,dropout
2019/6/17,603899,dropout
2019/6/17,603658,dropout
2019/6/17,603169,dropout
2019/6/17,601990,dropout
2019/6/17,601598,dropout
2019/6/17,601020,dropout
2019/6/17,600773,dropout
2019/6/17,600743,dropout
2019/6/17,600687,dropout
2019/6/17,600655,dropout
2019/6/17,600618,dropout
2019/6/17,600614,dropout
2019/6/17,600600,dropout
2019/10/23,600718,dropout
2019/10/23,600729,dropout
2019/10/30,600729,takein
2019/10/30,600718,takein
2019/12/16,600776,takein
2019/12/16,601099,takein
2019/12/16,601228,takein
2019/12/16,601233,takein
2019/12/16,601598,takein
2019/12/16,601799,takein
2019/12/16,601860,takein
2019/12/16,601865,takein
2019/12/16,601975,takein
2019/12/16,603256,takein
2019/12/16,603317,takein
2019/12/16,603338,takein
2019/12/16,603379,takein
2019/12/16,603707,takein
2019/12/16,603858,takein
2019/12/16,603882,takein
2019/12/16,603983,takein
2019/12/16,300450,dropout
2019/12/16,300287,dropout
2019/12/16,300266,dropout
2019/12/16,300055,dropout
2019/12/16,2916,dropout
2019/12/16,2707,dropout
2019/12/16,2699,dropout
2019/12/16,2607,dropout
2019/12/16,2517,dropout
2019/12/16,2512,dropout
2019/12/16,2509,dropout
2019/12/16,2506,dropout
2019/12/16,2489,dropout
2019/12/16,2431,dropout
2019/12/16,2405,dropout
2019/12/16,2344,dropout
2019/12/16,2332,dropout
2019/12/16,2299,dropout
2019/12/16,2254,dropout
2019/12/16,2251,dropout
2019/12/16,2157,dropout
2019/12/16,926,dropout
2019/12/16,860,dropout
2019/12/16,829,dropout
2019/12/16,723,dropout
2019/12/16,587,dropout
2019/12/16,552,dropout
2019/12/16,541,dropout
2019/12/16,603569,dropout
2019/12/16,603501,dropout
2019/12/16,603369,dropout
2019/12/16,601777,dropout
2019/12/16,601311,dropout
2019/12/16,600993,dropout
2019/12/16,600978,dropout
2019/12/16,600971,dropout
2019/12/16,600872,dropout
2019/12/16,600848,dropout
2019/12/16,600750,dropout
2019/12/16,600611,dropout
2019/12/16,600525,dropout
2019/12/16,600458,dropout
2019/12/16,600416,dropout
2019/12/16,600393,dropout
2019/12/16,600280,dropout
2019/12/16,600267,dropout
2019/12/16,600183,dropout
2019/12/16,600179,dropout
2019/12/16,600169,dropout
2019/12/16,600151,dropout
2019/12/16,50,takein
2019/12/16,402,takein
2019/12/16,553,takein
2019/12/16,825,takein
2019/12/16,967,takein
2019/12/16,1872,takein
2019/12/16,2013,takein
2019/12/16,2065,takein
2019/12/16,2180,takein
2019/12/16,2203,takein
2019/12/16,2423,takein
2019/12/16,2625,takein
2019/12/16,2653,takein
2019/12/16,2867,takein
2019/12/16,2925,takein
2019/12/16,2957,takein
2019/12/16,300012,takein
2019/12/16,300014,takein
2019/12/16,300072,takein
2019/12/16,300180,takein
2019/12/16,300251,takein
2019/12/16,300285,takein
2019/12/16,300296,takein
2019/12/16,300529,takein
2019/12/16,600132,takein
2019/12/16,600150,takein
2019/12/16,600256,takein
2019/12/16,600273,takein
2019/12/16,600339,takein
2019/12/16,600415,takein
2019/12/16,600446,takein
2019/12/16,600704,takein
2019/12/16,600728,takein
2020/6/15,46,takein
2020/6/15,603786,takein
2020/6/15,603605,takein
2020/6/15,601512,takein
2020/6/15,600733,takein
2020/6/15,600675,takein
2020/6/15,600667,takein
2020/6/15,600566,takein
2020/6/15,600535,takein
2020/6/15,600529,takein
2020/6/15,600153,takein
2020/6/15,300630,takein
2020/6/15,300618,takein
2020/6/15,300595,takein
2020/6/15,300558,takein
2020/6/15,300496,takein
2020/6/15,300482,takein
2020/6/15,300474,takein
2020/6/15,300357,takein
2020/6/15,300271,takein
2020/6/15,300212,takein
2020/6/15,300070,takein
2020/6/15,300024,takein
2020/6/15,300017,takein
2020/6/15,2901,takein
2020/6/15,2648,takein
2020/6/15,2595,takein
2020/6/15,2563,takein
2020/6/15,2557,takein
2020/6/15,2511,takein
2020/6/15,2506,takein
2020/6/15,2458,takein
2020/6/15,2429,takein
2020/6/15,2396,takein
2020/6/15,2294,takein
2020/6/15,2185,takein
2020/6/15,2156,takein
2020/6/15,2138,takein
2020/6/15,2124,takein
2020/6/15,2081,takein
2020/6/15,2080,takein
2020/6/15,2010,takein
2020/6/15,1914,takein
2020/6/15,898,takein
2020/6/15,800,takein
2020/6/15,785,takein
2020/6/15,739,takein
2020/6/15,630,takein
2020/6/15,629,takein
2020/6/15,415,takein
2020/6/15,300014,dropout
2020/6/15,300027,dropout
2020/6/15,300159,dropout
2020/6/15,300199,dropout
2020/6/15,300297,dropout
2020/6/15,300308,dropout
2020/6/15,300383,dropout
2020/6/15,300529,dropout
2020/6/15,600098,dropout
2020/6/15,600150,dropout
2020/6/15,600317,dropout
2020/6/15,600499,dropout
2020/6/15,600536,dropout
2020/6/15,600584,dropout
2020/6/15,600745,dropout
2020/6/15,600759,dropout
2020/6/15,600763,dropout
2020/6/15,600939,dropout
2020/6/15,601001,dropout
2020/6/15,601100,dropout
2020/6/15,601231,dropout
2020/6/15,601326,dropout
2020/6/15,601872,dropout
2020/6/15,603877,dropout
2020/6/15,6,dropout
2020/6/15,66,dropout
2020/6/15,426,dropout
2020/6/15,536,dropout
2020/6/15,727,dropout
2020/6/15,761,dropout
2020/6/15,766,dropout
2020/6/15,980,dropout
2020/6/15,2049,dropout
2020/6/15,2065,dropout
2020/6/15,2129,dropout
2020/6/15,2176,dropout
2020/6/15,2180,dropout
2020/6/15,2280,dropout
2020/6/15,2358,dropout
2020/6/15,2366,dropout
2020/6/15,2371,dropout
2020/6/15,2384,dropout
2020/6/15,2426,dropout
2020/6/15,2437,dropout
2020/6/15,2463,dropout
2020/6/15,2482,dropout
2020/6/15,2573,dropout
2020/6/15,2672,dropout
2020/6/15,2681,dropout
2020/6/15,2812,dropout
2020/8/17,603708,takein
2020/8/17,2470,dropout
2020/12/14,2299,takein
2020/12/14,709,takein
2020/12/14,540,takein
2020/12/14,688321,takein
2020/12/14,688099,takein
2020/12/14,688088,takein
2020/12/14,688029,takein
2020/12/14,688002,takein
2020/12/14,603927,takein
2020/12/14,603893,takein
2020/12/14,603737,takein
2020/12/14,603719,takein
2020/12/14,603638,takein
2020/12/14,603589,takein
2020/12/14,603345,takein
2020/12/14,603290,takein
2020/12/14,603260,takein
2020/12/14,601997,takein
2020/12/14,601992,takein
2020/12/14,601828,takein
2020/12/14,601778,takein
2020/12/14,601456,takein
2020/12/14,601298,takein
2020/12/14,600968,takein
2020/12/14,600928,takein
2020/12/14,600871,takein
2020/12/14,600867,takein
2020/12/14,600556,takein
2020/12/14,600546,takein
2020/12/14,600517,takein
2020/12/14,600516,takein
2020/12/14,600398,takein
2020/12/14,600372,takein
2020/12/14,600219,takein
2020/12/14,600188,takein
2020/12/14,600170,takein
2020/12/14,600131,takein
2020/12/14,600089,takein
2020/12/14,600038,takein
2020/12/14,300699,takein
2020/12/14,300463,takein
2020/12/14,300223,takein
2020/12/14,300146,takein
2020/12/14,2985,takein
2020/12/14,2966,takein
2020/12/14,2791,takein
2020/12/14,2705,takein
2020/12/14,2683,takein
2020/12/14,2568,takein
2020/12/14,2468,takein
2020/12/14,25,dropout
2020/12/14,712,dropout
2020/12/14,785,dropout
2020/12/14,800,dropout
2020/12/14,848,dropout
2020/12/14,987,dropout
2020/12/14,2118,dropout
2020/12/14,2127,dropout
2020/12/14,2285,dropout
2020/12/14,2407,dropout
2020/12/14,2414,dropout
2020/12/14,2439,dropout
2020/12/14,2491,dropout
2020/12/14,2665,dropout
2020/12/14,2821,dropout
2020/12/14,300197,dropout
2020/12/14,300251,dropout
2020/12/14,300253,dropout
2020/12/14,300558,dropout
2020/12/14,600017,dropout
2020/12/14,600058,dropout
2020/12/14,600125,dropout
2020/12/14,600138,dropout
2020/12/14,600161,dropout
2020/12/14,600298,dropout
2020/12/14,600335,dropout
2020/12/14,600428,dropout
2020/12/14,600478,dropout
2020/12/14,600521,dropout
2020/12/14,600557,dropout
2020/12/14,600565,dropout
2020/12/14,600694,dropout
2020/12/14,600751,dropout
2020/12/14,600757,dropout
2020/12/14,600770,dropout
2020/12/14,600777,dropout
2020/12/14,600845,dropout
2020/12/14,600874,dropout
2020/12/14,600996,dropout
2020/12/14,601019,dropout
2020/12/14,601678,dropout
2020/12/14,601811,dropout
2020/12/14,603025,dropout
2020/12/14,603233,dropout
2020/12/14,603517,dropout
2020/12/14,603556,dropout
2020/12/14,603659,dropout
2020/12/14,603707,dropout
2020/12/14,603766,dropout
2020/12/14,603939,dropout
2021/3/15,600764,takein
2021/3/15,600956,takein
2021/3/15,600515,dropout
2021/3/15,564,dropout
2021/6/15,600988,takein
2021/6/15,600998,takein
2021/6/15,601117,takein
2021/6/15,601187,takein
2021/6/15,2544,dropout
2021/6/15,2503,dropout
2021/6/15,2217,dropout
2021/6/15,2093,dropout
2021/6/15,2064,dropout
2021/6/15,2051,dropout
2021/6/15,600,dropout
2021/6/15,300595,dropout
2021/6/15,300496,dropout
2021/6/15,300459,dropout
2021/6/15,300324,dropout
2021/6/15,300274,dropout
2021/6/15,300134,dropout
2021/6/15,300012,dropout
2021/6/15,2957,dropout
2021/6/15,2941,dropout
2021/6/15,601198,takein
2021/6/15,601568,takein
2021/6/15,601577,takein
2021/6/15,601636,takein
2021/6/15,601991,takein
2021/6/15,603156,takein
2021/6/15,603707,takein
2021/6/15,605358,takein
2021/6/15,688208,takein
2021/6/15,671,takein
2021/6/15,543,dropout
2021/6/15,301,dropout
2021/6/15,600869,dropout
2021/6/15,8,dropout
2021/6/15,603882,dropout
2021/6/15,603816,dropout
2021/6/15,603806,dropout
2021/6/15,603345,dropout
2021/6/15,603338,dropout
2021/6/15,603328,dropout
2021/6/15,601966,dropout
2021/6/15,601865,dropout
2021/6/15,601799,dropout
2021/6/15,600143,dropout
2021/6/15,600132,dropout
2021/6/15,600079,dropout
2021/6/15,2920,dropout
2021/6/15,2807,dropout
2021/6/15,2791,dropout
2021/6/15,2640,dropout
2021/6/15,2589,dropout
2021/6/15,2568,dropout
2021/6/15,600073,dropout
2021/6/15,600053,dropout
2021/6/15,600637,takein
2021/6/15,600663,takein
2021/6/15,600732,takein
2021/6/15,600803,takein
2021/6/15,300741,takein
2021/6/15,600027,takein
2021/6/15,600066,takein
2021/6/15,600068,takein
2021/6/15,600095,takein
2021/6/15,600177,takein
2021/6/15,600208,takein
2021/6/15,600271,takein
2021/6/15,600369,takein
2021/6/15,600377,takein
2021/6/15,600390,takein
2021/6/15,600487,takein
2021/6/15,600498,takein
2021/6/15,600536,takein
2021/6/15,600748,dropout
2021/6/15,600675,dropout
2021/6/15,600664,dropout
2021/6/15,600575,dropout
2021/6/15,600545,dropout
2021/6/15,600426,dropout
2021/6/15,600338,dropout
2021/6/15,600291,dropout
2021/6/15,723,takein
2021/6/15,799,takein
2021/6/15,961,takein
2021/6/15,2065,takein
2021/6/15,2127,takein
2021/6/15,2146,takein
2021/6/15,600277,dropout
2021/6/15,600273,dropout
2021/6/15,2180,takein
2021/6/15,2422,takein
2021/6/15,2439,takein
2021/6/15,2532,takein
2021/6/15,2958,takein
2021/6/15,3022,takein
2021/6/15,3035,takein
2021/6/15,300037,takein
2021/6/15,300251,takein
2021/6/15,300253,takein
2021/6/15,300308,takein
2021/6/15,300383,takein
2021/8/26,600068,dropout
2021/9/10,600297,takein
2021/9/10,600260,dropout
2021/10/13,601868,takein
2021/12/13,688065,takein
2021/12/13,688188,takein
2021/12/13,688289,takein
2021/12/13,688521,takein
2021/12/13,688536,takein
2021/12/13,656,takein
2021/12/13,728,takein
2021/12/13,733,takein
2021/12/13,987,takein
2021/12/13,1203,takein
2021/12/13,1965,takein
2021/12/13,2153,takein
2021/12/13,2384,takein
2021/12/13,2409,takein
2021/12/13,2430,takein
2021/12/13,2508,takein
2021/12/13,2673,takein
2021/12/13,2739,takein
2021/12/13,2939,takein
2021/12/13,2945,takein
2021/12/13,300136,takein
2021/12/13,300363,takein
2021/12/13,300724,takein
2021/12/13,300751,takein
2021/12/13,300763,takein
2021/12/13,300869,takein
2021/12/13,600118,takein
2021/12/13,600157,takein
2021/12/13,600233,takein
2021/12/13,603256,dropout
2021/12/13,601868,dropout
2021/12/13,601801,dropout
2021/12/13,601512,dropout
2021/12/13,601233,dropout
2021/12/13,601127,dropout
2021/12/13,601099,dropout
2021/12/13,601068,dropout
2021/12/13,600881,dropout
2021/12/13,600804,dropout
2021/12/13,600779,dropout
2021/12/13,600645,dropout
2021/12/13,600640,dropout
2021/12/13,600633,dropout
2021/12/13,600460,dropout
2021/12/13,600410,dropout
2021/12/13,600388,dropout
2021/12/13,600312,dropout
2021/12/13,600219,dropout
2021/12/13,600094,dropout
2021/12/13,600089,dropout
2021/12/13,300316,dropout
2021/12/13,300207,dropout
2021/12/13,300180,dropout
2021/12/13,300113,dropout
2021/12/13,300010,dropout
2021/12/13,300002,dropout
2021/12/13,2839,dropout
2021/12/13,2818,dropout
2021/12/13,2709,dropout
2021/12/13,2648,dropout
2021/12/13,2635,dropout
2021/12/13,2625,dropout
2021/12/13,2583,dropout
2021/12/13,2419,dropout
2021/12/13,2317,dropout
2021/12/13,2074,dropout
2021/12/13,826,dropout
2021/12/13,813,dropout
2021/12/13,799,dropout
2021/12/13,732,dropout
2021/12/13,681,dropout
2021/12/13,501,dropout
2021/12/13,78,dropout
2021/12/13,61,dropout
2021/12/13,603888,dropout
2021/12/13,603737,dropout
2021/12/13,603486,dropout
2021/12/13,603377,dropout
2021/12/13,603260,dropout
2021/12/13,600236,takein
2021/12/13,600298,takein
2021/12/13,600299,takein
2021/12/13,600399,takein
2021/12/13,600482,takein
2021/12/13,600521,takein
2021/12/13,600522,takein
2021/12/13,600705,takein
2021/12/13,600906,takein
2021/12/13,601077,takein
2021/12/13,601156,takein
2021/12/13,601555,takein
2021/12/13,601665,takein
2021/12/13,601872,takein
2021/12/13,603127,takein
2021/12/13,603218,takein
2021/12/13,603267,takein
2021/12/13,603456,takein
2021/12/13,603613,takein
2021/12/13,688005,takein
2021/12/13,688006,takein
2022/6/13,783,takein
2022/6/13,785,takein
2022/6/13,831,takein
2022/6/13,1227,takein
2022/6/13,2240,takein
2022/6/13,2326,takein
2022/6/13,2407,takein
2022/6/13,2497,takein
2022/6/13,2624,takein
2022/6/13,2625,takein
2022/6/13,2756,takein
2022/6/13,300012,takein
2022/6/13,300073,takein
2022/6/13,300144,takein
2022/6/13,300390,takein
2022/6/13,300558,takein
2022/6/13,300676,takein
2022/6/13,300677,takein
2022/6/13,300769,takein
2022/6/13,300832,takein
2022/6/13,300888,takein
2022/6/13,600079,takein
2022/6/13,600096,takein
2022/6/13,600109,takein
2022/6/13,600143,takein
2022/6/13,600499,takein
2022/6/13,600848,takein
2022/6/13,600927,takein
2022/6/13,601058,takein
2022/6/13,601108,takein
2022/6/13,601162,takein
2022/6/13,601607,takein
2022/6/13,601696,takein
2022/6/13,601990,takein
2022/6/13,603026,takein
2022/6/13,603233,takein
2022/6/13,603345,takein
2022/6/13,603517,takein
2022/6/13,603658,takein
2022/6/13,603939,takein
2022/6/13,605117,takein
2022/6/13,688009,takein
2022/6/13,688122,takein
2022/6/13,688180,takein
2022/6/13,688185,takein
2022/6/13,688256,takein
2022/6/13,688390,takein
2022/6/13,688777,takein
2022/6/13,688819,takein
2022/6/13,689009,takein
2022/6/13,46,dropout
2022/6/13,90,dropout
2022/6/13,723,dropout
2022/6/13,733,dropout
2022/6/13,758,dropout
2022/6/13,877,dropout
2022/6/13,2013,dropout
2022/6/13,2038,dropout
2022/6/13,2075,dropout
2022/6/13,2080,dropout
2022/6/13,2085,dropout
2022/6/13,2302,dropout
2022/6/13,2340,dropout
2022/6/13,2375,dropout
2022/6/13,2424,dropout
2022/6/13,2440,dropout
2022/6/13,2458,dropout
2022/6/13,3022,dropout
2022/6/13,300133,dropout
2022/6/13,300223,dropout
2022/6/13,300271,dropout
2022/6/13,300315,dropout
2022/6/13,300751,dropout
2022/6/13,300763,dropout
2022/6/13,600158,dropout
2022/6/13,600188,dropout
2022/6/13,600266,dropout
2022/6/13,600466,dropout
2022/6/13,600639,dropout
2022/6/13,600643,dropout
2022/6/13,600649,dropout
2022/6/13,600657,dropout
2022/6/13,600729,dropout
2022/6/13,600733,dropout
2022/6/13,600754,dropout
2022/6/13,600776,dropout
2022/6/13,600803,dropout
2022/6/13,600884,dropout
2022/6/13,600903,dropout
2022/6/13,600908,dropout
2022/6/13,601117,dropout
2022/6/13,601689,dropout
2022/6/13,601975,dropout
2022/6/13,603290,dropout
2022/6/13,603708,dropout
2022/6/13,603893,dropout
2022/6/13,605358,dropout
2022/6/13,688005,dropout
2022/6/13,688065,dropout
2022/6/13,688536,dropout
2022/12/12,155,takein
2022/12/12,591,takein
2022/12/12,683,takein
2022/12/12,703,takein
2022/12/12,2025,takein
2022/12/12,2080,takein
2022/12/12,2192,takein
2022/12/12,2340,takein
2022/12/12,2531,takein
2022/12/12,2568,takein
2022/12/12,2738,takein
2022/12/12,2850,takein
2022/12/12,300003,takein
2022/12/12,300373,takein
2022/12/12,300568,takein
2022/12/12,300604,takein
2022/12/12,300682,takein
2022/12/12,300776,takein
2022/12/12,300850,takein
2022/12/12,300861,takein
2022/12/12,300866,takein
2022/12/12,301029,takein
2022/12/12,600032,takein
2022/12/12,600161,takein
2022/12/12,600352,takein
2022/12/12,600378,takein
2022/12/12,600489,takein
2022/12/12,600655,takein
2022/12/12,600873,takein
2022/12/12,601158,takein
2022/12/12,601231,takein
2022/12/12,601233,takein
2022/12/12,601666,takein
2022/12/12,603160,takein
2022/12/12,603596,takein
2022/12/12,603606,takein
2022/12/12,603688,takein
2022/12/12,603737,takein
2022/12/12,603816,takein
2022/12/12,603893,takein
2022/12/12,605358,takein
2022/12/12,688063,takein
2022/12/12,688116,takein
2022/12/12,688301,takein
2022/12/12,688385,takein
2022/12/12,688538,takein
2022/12/12,688567,takein
2022/12/12,688690,takein
2022/12/12,688772,takein
2022/12/12,688779,takein
2022/12/12,28,dropout
2022/12/12,158,dropout
2022/12/12,488,dropout
2022/12/12,528,dropout
2022/12/12,671,dropout
2022/12/12,685,dropout
2022/12/12,686,dropout
2022/12/12,690,dropout
2022/12/12,717,dropout
2022/12/12,718,dropout
2022/12/12,983,dropout
2022/12/12,1965,dropout
2022/12/12,2004,dropout
2022/12/12,2174,dropout
2022/12/12,2180,dropout
2022/12/12,2233,dropout
2022/12/12,2240,dropout
2022/12/12,2382,dropout
2022/12/12,2387,dropout
2022/12/12,2390,dropout
2022/12/12,2756,dropout
2022/12/12,2815,dropout
2022/12/12,2946,dropout
2022/12/12,300166,dropout
2022/12/12,300769,dropout
2022/12/12,600037,dropout
2022/12/12,600039,dropout
2022/12/12,600120,dropout
2022/12/12,600233,dropout
2022/12/12,600236,dropout
2022/12/12,600256,dropout
2022/12/12,600446,dropout
2022/12/12,600522,dropout
2022/12/12,600572,dropout
2022/12/12,600717,dropout
2022/12/12,600732,dropout
2022/12/12,600811,dropout
2022/12/12,600823,dropout
2022/12/12,600835,dropout
2022/12/12,600875,dropout
2022/12/12,601003,dropout
2022/12/12,601200,dropout
2022/12/12,601615,dropout
2022/12/12,601860,dropout
2022/12/12,603198,dropout
2022/12/12,603515,dropout
2022/12/12,603983,dropout
2022/12/12,605117,dropout
2022/12/12,688180,dropout
2022/12/12,688321,dropout
