date,code,open,high,low,close,preclose,volume,amount,adjustflag,turn,tradestatus,pctChg,peTTM,pbMRQ,psTTM,pcfNcfTTM,isST
2012-06-11,sz.000527,408.1145007300,413.7873924000,407.1134022000,410.4503973000,407.1134022000,23674322,291332749.8700,1,0.699524,1,0.819700,10.789604,2.002388,0.517935,-16.266794,0
2012-06-12,sz.000527,408.7818997500,410.1166977900,403.1090080800,407.1134022000,410.4503973000,18943699,230395031.7600,1,0.559744,1,-0.813000,10.701883,1.986108,0.513724,-16.134544,0
2012-06-13,sz.000527,410.1166977900,415.1221904400,405.1112051400,412.1188948500,407.1134022000,26902263,330987334.1800,1,0.794902,1,1.229500,10.833464,2.010528,0.520040,-16.332920,0
2012-06-14,sz.000527,412.1188948500,416.7906879900,410.7840968100,412.4525943600,412.1188948500,19432062,241096860.8000,1,0.574175,1,0.081000,10.842236,2.012156,0.520461,-16.346145,0
2012-06-15,sz.000527,413.1199933800,418.1254860300,413.1199933800,416.4569884800,412.4525943600,19735916,246007307.6700,1,0.583153,1,0.970900,10.947500,2.031691,0.525514,-16.504845,0
2012-06-18,sz.000527,418.4591855400,419.7939835800,415.7895894600,417.7917865200,416.4569884800,19741731,246815228.7200,1,0.583325,1,0.320500,10.982589,2.038203,0.527199,-16.557745,0
2012-06-19,sz.000527,417.7917645500,417.7917645500,402.5615759500,403.9461385500,417.7917645500,30983238,365326889.7600,1,0.915486,1,-3.314000,10.236966,1.899826,0.491406,-15.433617,0
2012-06-20,sz.000527,404.6384198500,407.0614044000,391.1389345000,393.9080597000,403.9461385500,31830602,365977344.5100,1,0.940524,1,-2.485000,9.982577,1.852616,0.479195,-15.050091,0
2012-06-21,sz.000527,391.8312158000,399.7924507500,390.7927938500,393.9080597000,393.9080597000,23335964,266342159.3000,1,0.689526,1,0.000000,9.982577,1.852616,0.479195,-15.050091,0
2012-06-25,sz.000527,393.9080597000,394.9464816500,380.4085743500,380.7547150000,393.9080597000,26401998,295001496.5900,1,0.780121,1,-3.339200,9.649239,1.790753,0.463194,-14.547540,0
2012-06-26,sz.000527,380.4085743500,384.5622621500,379.0240117500,381.1008556500,380.7547150000,14084301,155338334.8900,1,0.416160,1,0.090900,9.658011,1.792381,0.463615,-14.560765,0
2012-06-27,sz.000527,382.1392776000,385.6006841000,380.4085743500,380.7547150000,381.1008556500,13637286,150448900.0000,1,0.402952,1,-0.090800,9.649239,1.790753,0.463194,-14.547540,0
2012-06-28,sz.000527,381.4469963000,386.2929654000,380.0624337000,380.7547150000,380.7547150000,18132086,200298486.8500,1,0.535763,1,0.000000,9.649239,1.790753,0.463194,-14.547540,0
2012-06-29,sz.000527,380.0624337000,384.2161215000,373.1396207000,382.4854182500,380.7547150000,21206553,232233986.8700,1,0.626607,1,0.454500,9.693099,1.798893,0.465299,-14.613665,0
2012-07-02,sz.000527,384.9084028000,388.7159499500,380.0624337000,385.6006841000,382.4854182500,24211551,268887703.2400,1,0.715398,1,0.814500,9.772048,1.813545,0.469089,-14.732690,0
2012-07-03,sz.000527,385.9468247500,397.7156068500,384.2161215000,388.7159499500,385.6006841000,23435443,264216923.9800,1,0.692466,1,0.807900,9.850996,1.828196,0.472879,-14.851716,0
2012-07-04,sz.000527,389.4082312500,391.4850751500,382.8315589000,386.2929654000,388.7159499500,13658998,152684708.9300,1,0.403593,1,-0.623300,9.789592,1.816801,0.469931,-14.759140,0
2012-07-05,sz.000527,384.5622621500,384.5622621500,377.6394491500,379.3701524000,386.2929654000,11182510,122702710.7900,1,0.330418,1,-1.792100,9.614151,1.784241,0.461509,-14.494640,0
2012-07-06,sz.000527,381.4469963000,383.1776995500,375.9087459000,379.7162930500,379.3701524000,27116896,297144406.0700,1,0.801244,1,0.091200,9.622923,1.785869,0.461931,-14.507865,0
2012-07-09,sz.000527,379.7162930500,379.7162930500,341.6408215500,342.6792435000,379.7162930500,94190901,952103502.7900,1,2.783133,1,-9.753900,8.684315,1.611678,0.416874,-13.092786,0
2012-07-10,sz.000527,342.6792435000,351.6789004000,341.2946809000,345.4483687000,342.6792435000,32608917,326773871.5400,1,0.963521,1,0.808100,8.754492,1.624702,0.420243,-13.198586,0
2012-07-11,sz.000527,345.1022280500,349.2559158500,344.4099467500,347.8713532500,345.4483687000,17384722,174437364.8800,1,0.513680,1,0.701400,8.815896,1.636097,0.423191,-13.291161,0
2012-07-12,sz.000527,347.8713532500,354.7941662500,345.1022280500,350.2943378000,347.8713532500,32398903,327563981.8500,1,0.957316,1,0.696500,8.877300,1.647493,0.426138,-13.383737,0
2012-07-13,sz.000527,349.9481971500,356.1787288500,348.9097752000,352.0250410500,350.2943378000,22871778,233270872.9500,1,0.675811,1,0.494100,8.921160,1.655633,0.428244,-13.449862,0
2012-07-16,sz.000527,352.3711817000,354.1018849500,340.2562589500,342.6792435000,352.0250410500,22063782,219713049.5100,1,0.651936,1,-2.654900,8.684315,1.611678,0.416874,-13.092786,0
2012-07-17,sz.000527,342.3331028500,345.4483687000,340.2562589500,344.4099467500,342.6792435000,12051713,119560449.0100,1,0.356102,1,0.505100,8.728175,1.619818,0.418980,-13.158911,0
2012-07-18,sz.000527,344.7560874000,350.6404784500,343.3715248000,349.6020565000,344.4099467500,22454417,225469866.8300,1,0.663478,1,1.507500,8.859756,1.644237,0.425296,-13.357286,0
2012-07-19,sz.000527,348.2174939000,357.2171508000,345.4483687000,353.0634630000,349.6020565000,24281520,247183249.7900,1,0.717465,1,0.990100,8.947476,1.660517,0.429507,-13.489537,0
2012-07-20,sz.000527,351.6789004000,353.4096036500,345.1022280500,347.1790719500,353.0634630000,17082006,172506569.2900,1,0.504736,1,-1.666700,8.798352,1.632841,0.422349,-13.264711,0
2012-07-23,sz.000527,345.1022280500,345.1022280500,330.2181801000,332.6411646500,347.1790719500,30703533,297544215.9900,1,0.907222,1,-4.187400,8.429926,1.564467,0.404663,-12.709260,0
2012-07-24,sz.000527,327.4490549000,332.9873053000,325.7183516500,329.5258988000,332.6411646500,21572404,204978456.1900,1,0.637417,1,-0.936500,8.350978,1.549816,0.400873,-12.590234,0
2012-07-25,sz.000527,328.4874768500,330.2181801000,326.4106329500,327.1029142500,329.5258988000,12892844,122094874.2800,1,0.380955,1,-0.735300,8.289574,1.538420,0.397926,-12.497659,0
2012-07-26,sz.000527,327.1029142500,331.6027427000,323.9876484000,326.7567736000,327.1029142500,18923429,179268662.0300,1,0.559146,1,-0.105800,8.280802,1.536792,0.397504,-12.484434,0
2012-07-27,sz.000527,327.7951955500,328.4874768500,323.6415077500,324.3337890500,326.7567736000,12161116,114470519.7800,1,0.359334,1,-0.741500,8.219397,1.525396,0.394557,-12.391859,0
2012-07-30,sz.000527,325.0260703500,326.7567736000,314.9879915000,317.0648354000,324.3337890500,15850956,146609288.6800,1,0.468361,1,-2.241200,8.035185,1.491209,0.385714,-12.114133,0
2012-07-31,sz.000527,317.0648354000,320.5262419000,313.2572882500,318.1032573500,317.0648354000,14911080,136600351.2200,1,0.440589,1,0.327500,8.061501,1.496093,0.386977,-12.153808,0
2012-08-01,sz.000527,317.0648354000,328.1413362000,317.0648354000,324.3337890500,318.1032573500,16633788,155657606.6400,1,0.491492,1,1.958700,8.219397,1.525396,0.394557,-12.391859,0
2012-08-02,sz.000527,323.6415077500,325.7183516500,319.4878199500,321.5646638500,324.3337890500,8981871,83584598.4500,1,0.265394,1,-0.853800,8.149221,1.512373,0.391188,-12.286059,0
2012-08-03,sz.000527,322.6030858000,334.0257272500,322.6030858000,333.6795866000,321.5646638500,24976036,237659158.4600,1,0.737987,1,3.767500,8.456242,1.569351,0.405926,-12.748935,0
2012-08-06,sz.000527,332.2950240000,341.6408215500,330.9104614000,339.5639776500,333.6795866000,20121705,196058291.0100,1,0.594552,1,1.763500,8.605367,1.597026,0.413085,-12.973760,0
2012-08-07,sz.000527,339.2178370000,341.9869622000,337.4871337500,340.9485402500,339.5639776500,12876938,126442848.4400,1,0.380485,1,0.407700,8.640455,1.603538,0.414769,-13.026661,0
2012-08-08,sz.000527,340.9485402500,343.0253841500,332.9873053000,335.0641492000,340.9485402500,11821335,115312599.8200,1,0.349294,1,-1.725900,8.491331,1.575863,0.407611,-12.801835,0
2012-08-09,sz.000527,335.7564305000,339.9101183000,331.9488833500,338.5255557000,335.0641492000,9190725,89383191.0400,1,0.271566,1,1.033100,8.579051,1.592142,0.411821,-12.934085,0
2012-08-10,sz.000527,338.8716963500,339.9101183000,335.7564305000,337.8332744000,338.5255557000,5915188,57635776.4700,1,0.174781,1,-0.204500,8.561507,1.588887,0.410979,-12.907635,0
2012-08-13,sz.000527,336.1025711500,342.6792435000,335.7564305000,336.1025711500,337.8332744000,13350923,130719814.5000,1,0.394490,1,-0.512300,8.517647,1.580747,0.408874,-12.841510,0
2012-08-14,sz.000527,337.1409931000,340.2562589500,328.8336175000,330.9104614000,336.1025711500,18729702,180174550.0100,1,0.553421,1,-1.544800,8.386066,1.556327,0.402558,-12.643135,0
2012-08-15,sz.000527,331.2566020500,335.4102898500,329.1797581500,331.6027427000,330.9104614000,11198589,107410691.5100,1,0.330894,1,0.209200,8.403610,1.559583,0.403400,-12.669585,0
2012-08-16,sz.000527,330.5643207500,331.6027427000,324.6799297000,325.0260703500,331.6027427000,15569887,147311519.8600,1,0.460056,1,-1.983300,8.236941,1.528652,0.395399,-12.418309,0
2012-08-17,sz.000527,326.0644923000,326.0644923000,318.4493980000,321.5646638500,325.0260703500,14353527,133325785.3700,1,0.424115,1,-1.065000,8.149221,1.512373,0.391188,-12.286059,0
2012-08-20,sz.000527,318.7955386500,322.6030858000,316.3725541000,319.4878199500,321.5646638500,11285913,103872095.4300,1,0.333474,1,-0.645900,8.096589,1.502605,0.388662,-12.206708,0
2012-08-21,sz.000527,322.9492264500,328.8336175000,318.4493980000,321.2185232000,319.4878199500,19173142,178987639.5800,1,0.566524,1,0.541700,8.140449,1.510745,0.390767,-12.272833,0
2012-08-22,sz.000527,321.9108045000,321.9108045000,314.9879915000,319.4878199500,321.2185232000,22390930,205866691.6400,1,0.661603,1,-0.538800,8.096589,1.502605,0.388662,-12.206708,0
2012-08-23,sz.000527,319.1416793000,321.2185232000,317.7571167000,320.5262419000,319.4878199500,9062410,83714188.1300,1,0.267774,1,0.325000,8.122905,1.507489,0.389925,-12.246383,0
2012-08-24,sz.000527,319.1416793000,321.2185232000,316.7186947500,317.7571167000,320.5262419000,9139999,84232255.0900,1,0.270067,1,-0.863900,8.052729,1.494465,0.386556,-12.140583,0
2012-08-27,sz.000527,317.7571167000,317.7571167000,317.7571167000,317.7571167000,317.7571167000,0,0.0000,1,,0,0.000000,8.149976,1.520781,0.443446,34.282532,0
2012-08-28,sz.000527,317.7571167000,317.7571167000,317.7571167000,317.7571167000,317.7571167000,0,0.0000,1,,0,0.000000,8.149976,1.520781,0.443446,34.282532,0
2012-08-29,sz.000527,317.7571167000,317.7571167000,317.7571167000,317.7571167000,317.7571167000,0,0.0000,1,,0,0.000000,8.149976,1.520781,0.443446,34.282532,0
2012-08-30,sz.000527,317.7571167000,317.7571167000,317.7571167000,317.7571167000,317.7571167000,0,0.0000,1,,0,0.000000,8.149976,1.520781,0.443446,34.282532,0
2012-08-31,sz.000527,317.7571167000,317.7571167000,317.7571167000,317.7571167000,317.7571167000,0,0.0000,1,,0,0.000000,8.149976,1.520781,0.443446,34.282532,0
2012-09-03,sz.000527,317.7571167000,317.7571167000,317.7571167000,317.7571167000,317.7571167000,0,0.0000,1,,0,0.000000,8.149976,1.520781,0.443446,34.282532,0
2012-09-04,sz.000527,317.7571167000,317.7571167000,317.7571167000,317.7571167000,317.7571167000,0,0.0000,1,,0,0.000000,8.149976,1.520781,0.443446,34.282532,0
2012-09-05,sz.000527,317.7571167000,317.7571167000,317.7571167000,317.7571167000,317.7571167000,0,0.0000,1,,0,0.000000,8.149976,1.520781,0.443446,34.282532,0
2012-09-06,sz.000527,317.7571167000,317.7571167000,317.7571167000,317.7571167000,317.7571167000,0,0.0000,1,,0,0.000000,8.149976,1.520781,0.443446,34.282532,0
2012-09-07,sz.000527,317.7571167000,317.7571167000,317.7571167000,317.7571167000,317.7571167000,0,0.0000,1,,0,0.000000,8.149976,1.520781,0.443446,34.282532,0
2012-09-10,sz.000527,317.7571167000,317.7571167000,317.7571167000,317.7571167000,317.7571167000,0,0.0000,1,,0,0.000000,8.149976,1.520781,0.443446,34.282532,0
2012-09-11,sz.000527,317.7571167000,317.7571167000,317.7571167000,317.7571167000,317.7571167000,0,0.0000,1,,0,0.000000,8.149976,1.520781,0.443446,34.282532,0
2012-09-12,sz.000527,317.7571167000,317.7571167000,317.7571167000,317.7571167000,317.7571167000,0,0.0000,1,,0,0.000000,8.149976,1.520781,0.443446,34.282532,0
2012-09-13,sz.000527,317.7571167000,317.7571167000,317.7571167000,317.7571167000,317.7571167000,0,0.0000,1,,0,0.000000,8.149976,1.520781,0.443446,34.282532,0
2012-09-14,sz.000527,317.7571167000,317.7571167000,317.7571167000,317.7571167000,317.7571167000,0,0.0000,1,,0,0.000000,8.149976,1.520781,0.443446,34.282532,0
2012-09-17,sz.000527,317.7571167000,317.7571167000,317.7571167000,317.7571167000,317.7571167000,0,0.0000,1,,0,0.000000,8.149976,1.520781,0.443446,34.282532,0
2012-09-18,sz.000527,317.7571167000,317.7571167000,317.7571167000,317.7571167000,317.7571167000,0,0.0000,1,,0,0.000000,8.149976,1.520781,0.443446,34.282532,0
2012-09-19,sz.000527,317.7571167000,317.7571167000,317.7571167000,317.7571167000,317.7571167000,0,0.0000,1,,0,0.000000,8.149976,1.520781,0.443446,34.282532,0
2012-09-20,sz.000527,317.7571167000,317.7571167000,317.7571167000,317.7571167000,317.7571167000,0,0.0000,1,,0,0.000000,8.149976,1.520781,0.443446,34.282532,0
2012-09-21,sz.000527,317.7571167000,317.7571167000,317.7571167000,317.7571167000,317.7571167000,0,0.0000,1,,0,0.000000,8.149976,1.520781,0.443446,34.282532,0
2012-09-24,sz.000527,317.7571167000,317.7571167000,317.7571167000,317.7571167000,317.7571167000,0,0.0000,1,,0,0.000000,8.149976,1.520781,0.443446,34.282532,0
2012-09-25,sz.000527,317.7571167000,317.7571167000,317.7571167000,317.7571167000,317.7571167000,0,0.0000,1,,0,0.000000,8.149976,1.520781,0.443446,34.282532,0
2012-09-26,sz.000527,317.7571167000,317.7571167000,317.7571167000,317.7571167000,317.7571167000,0,0.0000,1,,0,0.000000,8.149976,1.520781,0.443446,34.282532,0
2012-09-27,sz.000527,317.7571167000,317.7571167000,317.7571167000,317.7571167000,317.7571167000,0,0.0000,1,,0,0.000000,8.149976,1.520781,0.443446,34.282532,0
2012-09-28,sz.000527,317.7571167000,317.7571167000,317.7571167000,317.7571167000,317.7571167000,0,0.0000,1,,0,0.000000,8.149976,1.520781,0.443446,34.282532,0
2012-10-08,sz.000527,317.7571167000,317.7571167000,317.7571167000,317.7571167000,317.7571167000,0,0.0000,1,,0,0.000000,8.149976,1.520781,0.443446,34.282532,0
2012-10-09,sz.000527,317.7571167000,317.7571167000,317.7571167000,317.7571167000,317.7571167000,0,0.0000,1,,0,0.000000,8.149976,1.520781,0.443446,34.282532,0
2012-10-10,sz.000527,317.7571167000,317.7571167000,317.7571167000,317.7571167000,317.7571167000,0,0.0000,1,,0,0.000000,8.149976,1.520781,0.443446,34.282532,0
2012-10-11,sz.000527,317.7571167000,317.7571167000,317.7571167000,317.7571167000,317.7571167000,0,0.0000,1,,0,0.000000,8.149976,1.520781,0.443446,34.282532,0
2012-10-12,sz.000527,317.7571167000,317.7571167000,317.7571167000,317.7571167000,317.7571167000,0,0.0000,1,,0,0.000000,8.149976,1.520781,0.443446,34.282532,0
2012-10-15,sz.000527,317.7571167000,317.7571167000,317.7571167000,317.7571167000,317.7571167000,0,0.0000,1,,0,0.000000,8.149976,1.520781,0.443446,34.282532,0
2012-10-16,sz.000527,317.7571167000,317.7571167000,317.7571167000,317.7571167000,317.7571167000,0,0.0000,1,,0,0.000000,8.149976,1.520781,0.443446,34.282532,0
2012-10-17,sz.000527,317.7571167000,317.7571167000,317.7571167000,317.7571167000,317.7571167000,0,0.0000,1,,0,0.000000,8.149976,1.520781,0.443446,34.282532,0
2012-10-18,sz.000527,317.7571167000,317.7571167000,317.7571167000,317.7571167000,317.7571167000,0,0.0000,1,,0,0.000000,8.149976,1.520781,0.443446,34.282532,0
2012-10-19,sz.000527,317.7571167000,317.7571167000,317.7571167000,317.7571167000,317.7571167000,0,0.0000,1,,0,0.000000,8.149976,1.520781,0.443446,34.282532,0
2012-10-22,sz.000527,317.7571167000,317.7571167000,317.7571167000,317.7571167000,317.7571167000,0,0.0000,1,,0,0.000000,8.149976,1.520781,0.443446,34.282532,0
2012-10-23,sz.000527,317.7571167000,317.7571167000,317.7571167000,317.7571167000,317.7571167000,0,0.0000,1,,0,0.000000,8.149976,1.520781,0.443446,34.282532,0
2012-10-24,sz.000527,317.7571167000,317.7571167000,317.7571167000,317.7571167000,317.7571167000,0,0.0000,1,,0,0.000000,8.149976,1.520781,0.443446,34.282532,0
2012-10-25,sz.000527,317.7571167000,317.7571167000,317.7571167000,317.7571167000,317.7571167000,0,0.0000,1,,0,0.000000,8.149976,1.520781,0.443446,34.282532,0
2012-10-26,sz.000527,317.7571167000,317.7571167000,317.7571167000,317.7571167000,317.7571167000,0,0.0000,1,,0,0.000000,8.149976,1.520781,0.443446,34.282532,0
2012-10-29,sz.000527,317.7571167000,317.7571167000,317.7571167000,317.7571167000,317.7571167000,0,0.0000,1,,0,0.000000,8.134627,1.451538,0.477509,-106.402306,0
2012-10-30,sz.000527,317.7571167000,317.7571167000,317.7571167000,317.7571167000,317.7571167000,0,0.0000,1,,0,0.000000,8.134627,1.451538,0.477509,-106.402306,0
2012-10-31,sz.000527,317.7571167000,317.7571167000,317.7571167000,317.7571167000,317.7571167000,0,0.0000,1,,0,0.000000,8.134627,1.451538,0.477509,-106.402306,0
2012-11-01,sz.000527,317.7571167000,317.7571167000,317.7571167000,317.7571167000,317.7571167000,0,0.0000,1,,0,0.000000,8.134627,1.451538,0.477509,-106.402306,0
2012-11-02,sz.000527,317.7571167000,317.7571167000,317.7571167000,317.7571167000,317.7571167000,0,0.0000,1,,0,0.000000,8.134627,1.451538,0.477509,-106.402306,0
2012-11-05,sz.000527,317.7571167000,317.7571167000,317.7571167000,317.7571167000,317.7571167000,0,0.0000,1,,0,0.000000,8.134627,1.451538,0.477509,-106.402306,0
2012-11-06,sz.000527,317.7571167000,317.7571167000,317.7571167000,317.7571167000,317.7571167000,0,0.0000,1,,0,0.000000,8.134627,1.451538,0.477509,-106.402306,0
2012-11-07,sz.000527,317.7571167000,317.7571167000,317.7571167000,317.7571167000,317.7571167000,0,0.0000,1,,0,0.000000,8.134627,1.451538,0.477509,-106.402306,0
2012-11-08,sz.000527,317.7571167000,317.7571167000,317.7571167000,317.7571167000,317.7571167000,0,0.0000,1,,0,0.000000,8.134627,1.451538,0.477509,-106.402306,0
2012-11-09,sz.000527,317.7571167000,317.7571167000,317.7571167000,317.7571167000,317.7571167000,0,0.0000,1,,0,0.000000,8.134627,1.451538,0.477509,-106.402306,0
2012-11-12,sz.000527,317.7571167000,317.7571167000,317.7571167000,317.7571167000,317.7571167000,0,0.0000,1,,0,0.000000,8.134627,1.451538,0.477509,-106.402306,0
2012-11-13,sz.000527,317.7571167000,317.7571167000,317.7571167000,317.7571167000,317.7571167000,0,0.0000,1,,0,0.000000,8.134627,1.451538,0.477509,-106.402306,0
2012-11-14,sz.000527,317.7571167000,317.7571167000,317.7571167000,317.7571167000,317.7571167000,0,0.0000,1,,0,0.000000,8.134627,1.451538,0.477509,-106.402306,0
2012-11-15,sz.000527,317.7571167000,317.7571167000,317.7571167000,317.7571167000,317.7571167000,0,0.0000,1,,0,0.000000,8.134627,1.451538,0.477509,-106.402306,0
2012-11-16,sz.000527,317.7571167000,317.7571167000,317.7571167000,317.7571167000,317.7571167000,0,0.0000,1,,0,0.000000,8.134627,1.451538,0.477509,-106.402306,0
2012-11-19,sz.000527,317.7571167000,317.7571167000,317.7571167000,317.7571167000,317.7571167000,0,0.0000,1,,0,0.000000,8.134627,1.451538,0.477509,-106.402306,0
2012-11-20,sz.000527,317.7571167000,317.7571167000,317.7571167000,317.7571167000,317.7571167000,0,0.0000,1,,0,0.000000,8.134627,1.451538,0.477509,-106.402306,0
2012-11-21,sz.000527,317.7571167000,317.7571167000,317.7571167000,317.7571167000,317.7571167000,0,0.0000,1,,0,0.000000,8.134627,1.451538,0.477509,-106.402306,0
2012-11-22,sz.000527,317.7571167000,317.7571167000,317.7571167000,317.7571167000,317.7571167000,0,0.0000,1,,0,0.000000,8.134627,1.451538,0.477509,-106.402306,0
2012-11-23,sz.000527,317.7571167000,317.7571167000,317.7571167000,317.7571167000,317.7571167000,0,0.0000,1,,0,0.000000,8.134627,1.451538,0.477509,-106.402306,0
2012-11-26,sz.000527,317.7571167000,317.7571167000,317.7571167000,317.7571167000,317.7571167000,0,0.0000,1,,0,0.000000,8.134627,1.451538,0.477509,-106.402306,0
2012-11-27,sz.000527,317.7571167000,317.7571167000,317.7571167000,317.7571167000,317.7571167000,0,0.0000,1,,0,0.000000,8.134627,1.451538,0.477509,-106.402306,0
2012-11-28,sz.000527,317.7571167000,317.7571167000,317.7571167000,317.7571167000,317.7571167000,0,0.0000,1,,0,0.000000,8.134627,1.451538,0.477509,-106.402306,0
2012-11-29,sz.000527,317.7571167000,317.7571167000,317.7571167000,317.7571167000,317.7571167000,0,0.0000,1,,0,0.000000,8.134627,1.451538,0.477509,-106.402306,0
2012-11-30,sz.000527,317.7571167000,317.7571167000,317.7571167000,317.7571167000,317.7571167000,0,0.0000,1,,0,0.000000,8.134627,1.451538,0.477509,-106.402306,0
2012-12-03,sz.000527,317.7571167000,317.7571167000,317.7571167000,317.7571167000,317.7571167000,0,0.0000,1,,0,0.000000,8.134627,1.451538,0.477509,-106.402306,0
2012-12-04,sz.000527,317.7571167000,317.7571167000,317.7571167000,317.7571167000,317.7571167000,0,0.0000,1,,0,0.000000,8.134627,1.451538,0.477509,-106.402306,0
2012-12-05,sz.000527,317.7571167000,317.7571167000,317.7571167000,317.7571167000,317.7571167000,0,0.0000,1,,0,0.000000,8.134627,1.451538,0.477509,-106.402306,0
2012-12-06,sz.000527,317.7571167000,317.7571167000,317.7571167000,317.7571167000,317.7571167000,0,0.0000,1,,0,0.000000,8.134627,1.451538,0.477509,-106.402306,0
2012-12-07,sz.000527,317.7571167000,317.7571167000,317.7571167000,317.7571167000,317.7571167000,0,0.0000,1,,0,0.000000,8.134627,1.451538,0.477509,-106.402306,0
2012-12-10,sz.000527,317.7571167000,317.7571167000,317.7571167000,317.7571167000,317.7571167000,0,0.0000,1,,0,0.000000,8.134627,1.451538,0.477509,-106.402306,0
2012-12-11,sz.000527,317.7571167000,317.7571167000,317.7571167000,317.7571167000,317.7571167000,0,0.0000,1,,0,0.000000,8.134627,1.451538,0.477509,-106.402306,0
2012-12-12,sz.000527,317.7571167000,317.7571167000,317.7571167000,317.7571167000,317.7571167000,0,0.0000,1,,0,0.000000,8.134627,1.451538,0.477509,-106.402306,0
2012-12-13,sz.000527,317.7571167000,317.7571167000,317.7571167000,317.7571167000,317.7571167000,0,0.0000,1,,0,0.000000,8.134627,1.451538,0.477509,-106.402306,0
2012-12-14,sz.000527,317.7571167000,317.7571167000,317.7571167000,317.7571167000,317.7571167000,0,0.0000,1,,0,0.000000,8.134627,1.451538,0.477509,-106.402306,0
2012-12-17,sz.000527,317.7571167000,317.7571167000,317.7571167000,317.7571167000,317.7571167000,0,0.0000,1,,0,0.000000,8.134627,1.451538,0.477509,-106.402306,0
2012-12-18,sz.000527,317.7571167000,317.7571167000,317.7571167000,317.7571167000,317.7571167000,0,0.0000,1,,0,0.000000,8.134627,1.451538,0.477509,-106.402306,0
2012-12-19,sz.000527,317.7571167000,317.7571167000,317.7571167000,317.7571167000,317.7571167000,0,0.0000,1,,0,0.000000,8.134627,1.451538,0.477509,-106.402306,0
2012-12-20,sz.000527,317.7571167000,317.7571167000,317.7571167000,317.7571167000,317.7571167000,0,0.0000,1,,0,0.000000,8.134627,1.451538,0.477509,-106.402306,0
2012-12-21,sz.000527,317.7571167000,317.7571167000,317.7571167000,317.7571167000,317.7571167000,0,0.0000,1,,0,0.000000,8.134627,1.451538,0.477509,-106.402306,0
2012-12-24,sz.000527,317.7571167000,317.7571167000,317.7571167000,317.7571167000,317.7571167000,0,0.0000,1,,0,0.000000,8.134627,1.451538,0.477509,-106.402306,0
2012-12-25,sz.000527,317.7571167000,317.7571167000,317.7571167000,317.7571167000,317.7571167000,0,0.0000,1,,0,0.000000,8.134627,1.451538,0.477509,-106.402306,0
2012-12-26,sz.000527,317.7571167000,317.7571167000,317.7571167000,317.7571167000,317.7571167000,0,0.0000,1,,0,0.000000,8.134627,1.451538,0.477509,-106.402306,0
2012-12-27,sz.000527,317.7571167000,317.7571167000,317.7571167000,317.7571167000,317.7571167000,0,0.0000,1,,0,0.000000,8.134627,1.451538,0.477509,-106.402306,0
2012-12-28,sz.000527,317.7571167000,317.7571167000,317.7571167000,317.7571167000,317.7571167000,0,0.0000,1,,0,0.000000,8.134627,1.451538,0.477509,-106.402306,0
2012-12-31,sz.000527,317.7571167000,317.7571167000,317.7571167000,317.7571167000,317.7571167000,0,0.0000,1,,0,0.000000,8.134627,1.451538,0.477509,-106.402306,0
2013-01-04,sz.000527,317.7571167000,317.7571167000,317.7571167000,317.7571167000,317.7571167000,0,0.0000,1,,0,0.000000,8.134627,1.451538,0.477509,-106.402306,0
2013-01-07,sz.000527,317.7571167000,317.7571167000,317.7571167000,317.7571167000,317.7571167000,0,0.0000,1,,0,0.000000,8.134627,1.451538,0.477509,-106.402306,0
2013-01-08,sz.000527,317.7571167000,317.7571167000,317.7571167000,317.7571167000,317.7571167000,0,0.0000,1,,0,0.000000,8.134627,1.451538,0.477509,-106.402306,0
2013-01-09,sz.000527,317.7571167000,317.7571167000,317.7571167000,317.7571167000,317.7571167000,0,0.0000,1,,0,0.000000,8.134627,1.451538,0.477509,-106.402306,0
2013-01-10,sz.000527,317.7571167000,317.7571167000,317.7571167000,317.7571167000,317.7571167000,0,0.0000,1,,0,0.000000,8.134627,1.451538,0.477509,-106.402306,0
2013-01-11,sz.000527,317.7571167000,317.7571167000,317.7571167000,317.7571167000,317.7571167000,0,0.0000,1,,0,0.000000,8.134627,1.451538,0.477509,-106.402306,0
2013-01-14,sz.000527,317.7571167000,317.7571167000,317.7571167000,317.7571167000,317.7571167000,0,0.0000,1,,0,0.000000,8.134627,1.451538,0.477509,-106.402306,0
2013-01-15,sz.000527,317.7571167000,317.7571167000,317.7571167000,317.7571167000,317.7571167000,0,0.0000,1,,0,0.000000,8.134627,1.451538,0.477509,-106.402306,0
2013-01-16,sz.000527,317.7571167000,317.7571167000,317.7571167000,317.7571167000,317.7571167000,0,0.0000,1,,0,0.000000,8.134627,1.451538,0.477509,-106.402306,0
2013-01-17,sz.000527,317.7571167000,317.7571167000,317.7571167000,317.7571167000,317.7571167000,0,0.0000,1,,0,0.000000,8.134627,1.451538,0.477509,-106.402306,0
2013-01-18,sz.000527,317.7571167000,317.7571167000,317.7571167000,317.7571167000,317.7571167000,0,0.0000,1,,0,0.000000,8.134627,1.451538,0.477509,-106.402306,0
2013-01-21,sz.000527,317.7571167000,317.7571167000,317.7571167000,317.7571167000,317.7571167000,0,0.0000,1,,0,0.000000,8.134627,1.451538,0.477509,-106.402306,0
2013-01-22,sz.000527,317.7571167000,317.7571167000,317.7571167000,317.7571167000,317.7571167000,0,0.0000,1,,0,0.000000,8.134627,1.451538,0.477509,-106.402306,0
2013-01-23,sz.000527,317.7571167000,317.7571167000,317.7571167000,317.7571167000,317.7571167000,0,0.0000,1,,0,0.000000,8.134627,1.451538,0.477509,-106.402306,0
2013-01-24,sz.000527,317.7571167000,317.7571167000,317.7571167000,317.7571167000,317.7571167000,0,0.0000,1,,0,0.000000,8.134627,1.451538,0.477509,-106.402306,0
2013-01-25,sz.000527,317.7571167000,317.7571167000,317.7571167000,317.7571167000,317.7571167000,0,0.0000,1,,0,0.000000,8.134627,1.451538,0.477509,-106.402306,0
2013-01-28,sz.000527,317.7571167000,317.7571167000,317.7571167000,317.7571167000,317.7571167000,0,0.0000,1,,0,0.000000,8.134627,1.451538,0.477509,-106.402306,0
2013-01-29,sz.000527,317.7571167000,317.7571167000,317.7571167000,317.7571167000,317.7571167000,0,0.0000,1,,0,0.000000,8.134627,1.451538,0.477509,-106.402306,0
2013-01-30,sz.000527,317.7571167000,317.7571167000,317.7571167000,317.7571167000,317.7571167000,0,0.0000,1,,0,0.000000,8.134627,1.451538,0.477509,-106.402306,0
2013-01-31,sz.000527,317.7571167000,317.7571167000,317.7571167000,317.7571167000,317.7571167000,0,0.0000,1,,0,0.000000,8.134627,1.451538,0.477509,-106.402306,0
2013-02-01,sz.000527,317.7571167000,317.7571167000,317.7571167000,317.7571167000,317.7571167000,0,0.0000,1,,0,0.000000,8.134627,1.451538,0.477509,-106.402306,0
2013-02-04,sz.000527,317.7571167000,317.7571167000,317.7571167000,317.7571167000,317.7571167000,0,0.0000,1,,0,0.000000,8.134627,1.451538,0.477509,-106.402306,0
2013-02-05,sz.000527,317.7571167000,317.7571167000,317.7571167000,317.7571167000,317.7571167000,0,0.0000,1,,0,0.000000,8.134627,1.451538,0.477509,-106.402306,0
2013-02-06,sz.000527,317.7571167000,317.7571167000,317.7571167000,317.7571167000,317.7571167000,0,0.0000,1,,0,0.000000,8.134627,1.451538,0.477509,-106.402306,0
2013-02-07,sz.000527,317.7571167000,317.7571167000,317.7571167000,317.7571167000,317.7571167000,0,0.0000,1,,0,0.000000,8.134627,1.451538,0.477509,-106.402306,0
2013-02-08,sz.000527,317.7571167000,317.7571167000,317.7571167000,317.7571167000,317.7571167000,0,0.0000,1,,0,0.000000,8.134627,1.451538,0.477509,-106.402306,0
2013-02-18,sz.000527,317.7571167000,317.7571167000,317.7571167000,317.7571167000,317.7571167000,0,0.0000,1,,0,0.000000,8.134627,1.451538,0.477509,-106.402306,0
2013-02-19,sz.000527,317.7571167000,317.7571167000,317.7571167000,317.7571167000,317.7571167000,0,0.0000,1,,0,0.000000,8.134627,1.451538,0.477509,-106.402306,0
2013-02-20,sz.000527,317.7571167000,317.7571167000,317.7571167000,317.7571167000,317.7571167000,0,0.0000,1,,0,0.000000,8.134627,1.451538,0.477509,-106.402306,0
2013-02-21,sz.000527,317.7571167000,317.7571167000,317.7571167000,317.7571167000,317.7571167000,0,0.0000,1,,0,0.000000,8.134627,1.451538,0.477509,-106.402306,0
2013-02-22,sz.000527,317.7571167000,317.7571167000,317.7571167000,317.7571167000,317.7571167000,0,0.0000,1,,0,0.000000,8.134627,1.451538,0.477509,-106.402306,0
2013-02-25,sz.000527,317.7571167000,317.7571167000,317.7571167000,317.7571167000,317.7571167000,0,0.0000,1,,0,0.000000,8.134627,1.451538,0.477509,-106.402306,0
2013-02-26,sz.000527,317.7571167000,317.7571167000,317.7571167000,317.7571167000,317.7571167000,0,0.0000,1,,0,0.000000,8.134627,1.451538,0.477509,-106.402306,0
2013-02-27,sz.000527,317.7571167000,317.7571167000,317.7571167000,317.7571167000,317.7571167000,0,0.0000,1,,0,0.000000,8.134627,1.451538,0.477509,-106.402306,0
2013-02-28,sz.000527,317.7571167000,317.7571167000,317.7571167000,317.7571167000,317.7571167000,0,0.0000,1,,0,0.000000,8.134627,1.451538,0.477509,-106.402306,0
2013-03-01,sz.000527,317.7571167000,317.7571167000,317.7571167000,317.7571167000,317.7571167000,0,0.0000,1,,0,0.000000,8.134627,1.451538,0.477509,-106.402306,0
2013-03-04,sz.000527,317.7571167000,317.7571167000,317.7571167000,317.7571167000,317.7571167000,0,0.0000,1,,0,0.000000,8.134627,1.451538,0.477509,-106.402306,0
2013-03-05,sz.000527,317.7571167000,317.7571167000,317.7571167000,317.7571167000,317.7571167000,0,0.0000,1,,0,0.000000,8.134627,1.451538,0.477509,-106.402306,0
2013-03-06,sz.000527,317.7571167000,317.7571167000,317.7571167000,317.7571167000,317.7571167000,0,0.0000,1,,0,0.000000,8.134627,1.451538,0.477509,-106.402306,0
2013-03-07,sz.000527,317.7571167000,317.7571167000,317.7571167000,317.7571167000,317.7571167000,0,0.0000,1,,0,0.000000,8.134627,1.451538,0.477509,-106.402306,0
2013-03-08,sz.000527,317.7571167000,317.7571167000,317.7571167000,317.7571167000,317.7571167000,0,0.0000,1,,0,0.000000,8.134627,1.451538,0.477509,-106.402306,0
2013-03-11,sz.000527,317.7571167000,317.7571167000,317.7571167000,317.7571167000,317.7571167000,0,0.0000,1,,0,0.000000,8.134627,1.451538,0.477509,-106.402306,0
2013-03-12,sz.000527,317.7571167000,317.7571167000,317.7571167000,317.7571167000,317.7571167000,0,0.0000,1,,0,0.000000,8.134627,1.451538,0.477509,-106.402306,0
2013-03-13,sz.000527,317.7571167000,317.7571167000,317.7571167000,317.7571167000,317.7571167000,0,0.0000,1,,0,0.000000,8.134627,1.451538,0.477509,-106.402306,0
2013-03-14,sz.000527,317.7571167000,317.7571167000,317.7571167000,317.7571167000,317.7571167000,0,0.0000,1,,0,0.000000,8.134627,1.451538,0.477509,-106.402306,0
2013-03-15,sz.000527,317.7571167000,317.7571167000,317.7571167000,317.7571167000,317.7571167000,0,0.0000,1,,0,0.000000,8.134627,1.451538,0.477509,-106.402306,0
2013-03-18,sz.000527,317.7571167000,317.7571167000,317.7571167000,317.7571167000,317.7571167000,0,0.0000,1,,0,0.000000,8.134627,1.451538,0.477509,-106.402306,0
2013-03-19,sz.000527,317.7571167000,317.7571167000,317.7571167000,317.7571167000,317.7571167000,0,0.0000,1,,0,0.000000,8.134627,1.451538,0.477509,-106.402306,0
2013-03-20,sz.000527,317.7571167000,317.7571167000,317.7571167000,317.7571167000,317.7571167000,0,0.0000,1,,0,0.000000,8.134627,1.451538,0.477509,-106.402306,0
2013-03-21,sz.000527,317.7571167000,317.7571167000,317.7571167000,317.7571167000,317.7571167000,0,0.0000,1,,0,0.000000,8.134627,1.451538,0.477509,-106.402306,0
2013-03-22,sz.000527,317.7571167000,317.7571167000,317.7571167000,317.7571167000,317.7571167000,0,0.0000,1,,0,0.000000,8.134627,1.451538,0.477509,-106.402306,0
2013-03-25,sz.000527,317.7571167000,317.7571167000,317.7571167000,317.7571167000,317.7571167000,0,0.0000,1,,0,0.000000,8.134627,1.451538,0.477509,-106.402306,0
2013-03-26,sz.000527,317.7571167000,317.7571167000,317.7571167000,317.7571167000,317.7571167000,0,0.0000,1,,0,0.000000,8.134627,1.451538,0.477509,-106.402306,0
2013-03-27,sz.000527,317.7571167000,317.7571167000,317.7571167000,317.7571167000,317.7571167000,0,0.0000,1,,0,0.000000,8.134627,1.451538,0.477509,-106.402306,0
2013-03-28,sz.000527,317.7571167000,317.7571167000,317.7571167000,317.7571167000,317.7571167000,0,0.0000,1,,0,0.000000,8.134627,1.451538,0.477509,-106.402306,0
2013-03-29,sz.000527,317.7571167000,317.7571167000,317.7571167000,317.7571167000,317.7571167000,0,0.0000,1,,0,0.000000,8.134627,1.451538,0.477509,-106.402306,0
2013-04-01,sz.000527,349.6020565000,349.6020565000,349.6020565000,349.6020565000,317.7571167000,942079,9514997.0000,1,0.027836,1,10.021800,9.829925,1.549118,0.502149,24.962556,0
2013-04-02,sz.000527,384.5622621500,384.5622621500,384.5622621500,384.5622621500,349.6020565000,1092710,12140008.0000,1,0.032287,1,10.000000,10.812917,1.704030,0.552364,27.458812,0
2013-04-03,sz.000527,422.9838743000,422.9838743000,422.9838743000,422.9838743000,384.5622621500,3768754,46054172.0000,1,0.111358,1,9.991000,11.893236,1.874280,0.607551,30.202222,0
2013-04-08,sz.000527,465.2130336000,465.2130336000,448.2521417500,465.2130336000,422.9838743000,241413449,3234765568.0000,1,7.133234,1,9.983600,13.080613,2.061401,0.668207,33.217501,0
2013-04-09,sz.000527,467.2898775000,478.7125189500,455.1749547500,467.9821588000,465.2130336000,135362922,1827576576.0000,1,3.999675,1,0.595200,13.158474,2.073671,0.672184,33.415224,0
2013-04-10,sz.000527,464.5207523000,471.4435653000,460.7132051500,464.8668929500,467.9821588000,60168838,809174784.0000,1,1.777856,1,-0.665700,13.070880,2.059867,0.667710,33.192785,0
2013-04-11,sz.000527,468.6744401000,470.7512840000,463.1361897000,466.5975962000,464.8668929500,35926948,484112736.0000,1,1.061562,1,0.372300,13.119543,2.067536,0.670195,33.316362,0
2013-04-12,sz.000527,466.2514555500,466.9437368500,455.8672360500,463.4823303500,466.5975962000,38548835,513330720.0000,1,1.139033,1,-0.667650,13.031950,2.053732,0.665721,33.093924,0
2013-04-15,sz.000527,461.7516271000,478.0202376500,458.9825019000,474.9049718000,463.4823303500,52302923,710390464.0000,1,1.545436,1,2.464500,13.353126,2.104347,0.682128,33.909532,0
2013-04-16,sz.000527,472.4819872500,476.6356750500,465.9053149000,474.5588311500,474.9049718000,39364405,537852800.0000,1,1.163131,1,-0.072888,13.343393,2.102813,0.681630,33.884816,0
2013-04-17,sz.000527,475.9433937500,500.1732392500,474.5588311500,483.9046287000,474.5588311500,61288666,867116672.0000,1,1.810945,1,1.969400,13.606173,2.144225,0.695054,34.552132,0
2013-04-18,sz.000527,483.5584880500,492.9042856000,481.4816441500,488.7505978000,483.9046287000,35959777,507113600.0000,1,1.062532,1,1.001400,13.742430,2.165698,0.702015,34.898148,0
2013-04-19,sz.000527,485.9814726000,494.6349888500,485.9814726000,490.8274417000,488.7505978000,39574508,560106304.0000,1,1.169339,1,0.424932,13.800825,2.174901,0.704998,35.046440,0
2013-04-22,sz.000527,487.3660352000,499.1348173000,484.9430506500,491.5197230000,490.8274417000,21687551,308824256.0000,1,0.640819,1,0.141000,13.820291,2.177968,0.705992,35.095871,0
2013-04-23,sz.000527,494.9811295000,496.3656921000,477.6740970000,480.7893628500,491.5197230000,28240802,394697280.0000,1,0.834453,1,-2.183100,13.518580,2.130421,0.690580,34.329694,0
2013-04-24,sz.000527,479.4048002500,485.9814726000,469.0205807500,476.9818157000,480.7893628500,25402405,349741696.0000,1,0.750585,1,-0.791900,13.411521,2.113550,0.685111,34.057824,0
2013-04-25,sz.000527,476.2895344000,480.0970815500,467.2898775000,472.4819872500,476.9818157000,16064573,220352320.0000,1,0.474673,1,-0.943400,13.284998,2.093610,0.678647,33.736524,0
2013-04-26,sz.000527,475.5972531000,490.1351604000,471.7897059500,483.2123474000,472.4819872500,22844017,318080128.0000,1,0.674990,1,2.271065,13.586708,2.141158,0.694060,34.502702,0
2013-05-02,sz.000527,486.3276132500,509.8651774500,485.9814726000,507.4421929000,483.2123474000,57297617,829778368.0000,1,1.693018,1,5.014300,13.467303,2.153676,0.686796,6.141494,0
2013-05-03,sz.000527,505.3653490000,511.2497400500,501.2116612000,505.0192083500,507.4421929000,27313008,399850368.0000,1,0.807039,1,-0.477488,13.402998,2.143392,0.683517,6.112169,0
2013-05-06,sz.000527,504.6730677000,519.5571156500,503.6346457500,510.2113181000,505.0192083500,27044098,401296576.0000,1,0.799093,1,1.028100,13.540794,2.165428,0.690544,6.175008,0
2013-05-07,sz.000527,512.2881620000,520.9416782500,509.1728961500,514.7111465500,510.2113181000,15585900,232242416.0000,1,0.460529,1,0.882000,13.660218,2.184526,0.696634,6.229469,0
2013-05-08,sz.000527,519.2109750000,520.5955376000,503.6346457500,508.1344742000,514.7111465500,20330374,300082560.0000,1,0.600718,1,-1.277700,13.485676,2.156614,0.687733,6.149872,0
2013-05-09,sz.000527,506.7499116000,508.1344742000,498.4425360000,498.4425360000,508.1344742000,18985780,274706496.0000,1,0.560988,1,-1.907400,13.228456,2.115479,0.674615,6.032572,0
2013-05-10,sz.000527,498.4425360000,509.5190368000,497.7502547000,508.8267555000,498.4425360000,10233637,148753840.0000,1,0.302381,1,2.083300,13.504049,2.159552,0.688670,6.158251,0
2013-05-13,sz.000527,508.8267555000,512.6343026500,500.1732392500,501.5578018500,508.8267555000,10175633,148181504.0000,1,0.300667,1,-1.428600,13.311134,2.128701,0.678832,6.070276,0
2013-05-14,sz.000527,501.5578018500,504.3269270500,484.9430506500,494.9811295000,501.5578018500,14498329,206333584.0000,1,0.428394,1,-1.311200,13.136592,2.100789,0.669931,5.990679,0
2013-05-15,sz.000527,494.6349888500,498.0963953500,489.0967384500,493.5965669000,494.9811295000,10217796,145873664.0000,1,0.301913,1,-0.279700,13.099846,2.094912,0.668057,5.973922,0
2013-05-16,sz.000527,494.2888482000,512.2881620000,491.8658636500,511.9420213500,493.5965669000,19243989,280982208.0000,1,0.568617,1,3.716700,13.586727,2.172774,0.692886,6.195954,0
2013-05-17,sz.000527,511.5958807000,517.8264124000,504.3269270500,511.5958807000,511.9420213500,12385344,182468928.0000,1,0.365960,1,-0.067600,13.577540,2.171305,0.692418,6.191765,0
2013-05-20,sz.000527,510.5574587500,510.5574587500,497.7502547000,504.6730677000,511.5958807000,17003605,247336656.0000,1,0.502419,1,-1.353200,13.393812,2.141923,0.683048,6.107979,0
2013-05-21,sz.000527,503.9807864000,508.1344742000,498.4425360000,501.9039425000,504.6730677000,11425383,165401808.0000,1,0.337595,1,-0.548696,13.320320,2.130170,0.679300,6.074465,0
2013-05-22,sz.000527,502.5962238000,503.9807864000,494.9811295000,502.9423644500,501.9039425000,10327913,148786976.0000,1,0.305167,1,0.206900,13.347879,2.134577,0.680706,6.087033,0
2013-05-23,sz.000527,501.2116612000,501.9039425000,493.2504262500,493.5965669000,502.9423644500,10075886,144739520.0000,1,0.297720,1,-1.858200,13.099846,2.094912,0.668057,5.973922,0
2013-05-24,sz.000527,498.0963953500,500.8655205500,488.4044571500,489.7890197500,493.5965669000,13056908,186113584.0000,1,0.385803,1,-0.771400,12.998795,2.078752,0.662903,5.927840,0
2013-05-27,sz.000527,490.8274417000,497.7502547000,488.0583165000,493.5965669000,489.7890197500,12339321,176162048.0000,1,0.364600,1,0.777400,13.099846,2.094912,0.668057,5.973922,0
2013-05-28,sz.000527,492.5581449500,500.8655205500,488.0583165000,497.4041140500,493.5965669000,14606099,208851648.0000,1,0.431578,1,0.771400,13.200897,2.111072,0.673210,6.020004,0
2013-05-29,sz.000527,498.7886766500,500.5193799000,493.5965669000,494.2888482000,497.4041140500,9783147,140305856.0000,1,0.289070,1,-0.626300,13.118219,2.097850,0.668994,5.982301,0
2013-05-30,sz.000527,492.9042856000,492.9042856000,482.5200661000,484.5969100000,494.2888482000,24529461,344210560.0000,1,0.724791,1,-1.960800,12.860999,2.056716,0.655876,5.865001,0
2013-05-31,sz.000527,485.9814726000,487.3660352000,479.4048002500,480.4432222000,484.5969100000,16753353,233811968.0000,1,0.495025,1,-0.857142,12.750762,2.039087,0.650254,5.814729,0
2013-06-03,sz.000527,480.4432222000,493.2504262500,480.4432222000,490.8274417000,480.4432222000,18393583,260187824.0000,1,0.543490,1,2.161400,13.026354,2.083160,0.664309,5.940408,0
2013-06-04,sz.000527,491.5197230000,491.8658636500,483.5584880500,486.6737539000,490.8274417000,9285617,130431728.0000,1,0.274369,1,-0.846300,12.916117,2.065531,0.658687,5.890137,0
2013-06-05,sz.000527,489.7890197500,489.7890197500,480.4432222000,482.8662067500,486.6737539000,16442697,229662464.0000,1,0.485845,1,-0.782400,12.815067,2.049371,0.653534,5.844054,0
2013-06-06,sz.000527,485.7597827900,485.7597827900,473.4620667700,474.1854618300,482.8662025500,19645687,258596672.0000,1,0.580487,1,-1.797800,12.043407,1.925968,0.614181,5.492154,0
2013-06-07,sz.000527,474.1854618300,476.7173445400,462.9728384000,472.7386717100,474.1854618300,16739439,217514208.0000,1,0.494613,1,-0.305100,12.006661,1.920091,0.612307,5.475397,0
2013-06-13,sz.000527,465.8664186400,468.3983013500,452.8453075600,457.5473754500,472.7386717100,17124722,216592400.0000,1,0.505998,1,-3.213500,11.620831,1.858390,0.592631,5.299447,0
2013-06-14,sz.000527,459.3558631000,469.8450914700,455.7388878000,457.5473754500,457.5473754500,13832111,176407504.0000,1,0.408708,1,0.000000,11.620831,1.858390,0.592631,5.299447,0
2013-06-17,sz.000527,460.0792581600,462.6111408700,454.2920976800,455.0154927400,457.5473754500,16382329,207508400.0000,1,0.484062,1,-0.553400,11.556526,1.848106,0.589352,5.270122,0
2013-06-18,sz.000527,456.1005853300,467.3132087600,454.2920976800,464.7813260500,455.0154927400,13313425,169753568.0000,1,0.393382,1,2.146300,11.804560,1.887772,0.602001,5.383233,0
2013-06-19,sz.000527,464.4196285200,472.0152766500,457.5473754500,462.9728384000,464.7813260500,13015220,167012880.0000,1,0.384571,1,-0.389100,11.758627,1.880426,0.599658,5.362286,0
2013-06-20,sz.000527,462.9728384000,462.9728384000,462.9728384000,462.9728384000,462.9728384000,0,0.0000,1,,0,0.000000,11.758627,1.880426,0.599658,5.362286,0
2013-06-21,sz.000527,462.9728384000,462.9728384000,462.9728384000,462.9728384000,462.9728384000,0,0.0000,1,,0,0.000000,11.758627,1.880426,0.599658,5.362286,0
2013-06-24,sz.000527,462.9728384000,462.9728384000,462.9728384000,462.9728384000,462.9728384000,0,0.0000,1,,0,0.000000,11.758627,1.880426,0.599658,5.362286,0
2013-06-25,sz.000527,462.9728384000,462.9728384000,462.9728384000,462.9728384000,462.9728384000,0,0.0000,1,,0,0.000000,11.758627,1.880426,0.599658,5.362286,0
2013-06-26,sz.000527,462.9728384000,462.9728384000,462.9728384000,462.9728384000,462.9728384000,0,0.0000,1,,0,0.000000,11.758627,1.880426,0.599658,5.362286,0
2013-06-27,sz.000527,462.9728384000,462.9728384000,462.9728384000,462.9728384000,462.9728384000,0,0.0000,1,,0,0.000000,11.758627,1.880426,0.599658,5.362286,0
2013-06-28,sz.000527,451.7602149700,465.5047211100,435.8455236500,449.2283322600,462.9728384000,36536889,456605152.0000,1,1.079584,1,-2.968800,11.409543,1.824601,0.581856,5.203094,0
2013-07-01,sz.000527,449.2283322600,455.7388878000,437.6540113000,440.9092890700,449.2283322600,17518633,215352880.0000,1,0.517637,1,-1.851900,11.198255,1.790812,0.571081,5.106740,0
2013-07-02,sz.000527,439.1008014200,443.8028693100,422.1010175100,427.5264804600,440.9092890700,29178788,345748864.0000,1,0.862169,1,-3.035300,10.858358,1.736456,0.553747,4.951736,0
2013-07-03,sz.000527,428.6115730500,442.3560791900,427.8881779900,435.8455236500,427.5264804600,32475191,389822304.0000,1,0.959570,1,1.945900,11.069645,1.770245,0.564522,5.048090,0
2013-07-04,sz.000527,434.0370360000,465.8664186400,432.2285483500,452.1219125000,435.8455236500,30025495,374815872.0000,1,0.887187,1,3.734400,11.483035,1.836354,0.585604,5.236608,0
2013-07-05,sz.000527,455.7388878000,473.8237643000,453.9304001500,459.7175606300,452.1219125000,22126070,285075712.0000,1,0.653777,1,1.680000,11.675950,1.867204,0.595442,5.324583,0
2013-07-08,sz.000527,453.5687026200,465.8664186400,449.5900297900,452.4836100300,459.7175606300,9604138,121009136.0000,1,0.283781,1,-1.573600,11.492221,1.837823,0.586072,5.240797,0
2013-07-09,sz.000527,459.3558631000,461.8877458100,447.7815421400,459.7175606300,452.4836100300,10501657,131813872.0000,1,0.310301,1,1.598700,11.675950,1.867204,0.595442,5.324583,0
2013-07-10,sz.000527,456.8239803900,469.8450914700,455.7388878000,467.6749062900,459.7175606300,15927545,204240048.0000,1,0.470624,1,1.730900,11.878051,1.899524,0.605748,5.416747,0
2013-07-11,sz.000527,468.3983013500,479.6109247800,463.6962334600,473.1003692400,467.6749062900,18612395,242780640.0000,1,0.549955,1,1.160100,12.015847,1.921560,0.612776,5.479586,0
2013-07-12,sz.000527,473.1003692400,475.9939494800,454.2920976800,456.1005853300,473.1003692400,15960848,204454000.0000,1,0.471608,1,-3.593300,11.584085,1.852514,0.590757,5.282690,0
2013-07-15,sz.000527,457.5473754500,465.8664186400,456.1005853300,457.1856779200,456.1005853300,10445927,132754448.0000,1,0.308654,1,0.237900,11.611645,1.856921,0.592162,5.295258,0
2013-07-16,sz.000527,456.4622828600,463.6962334600,454.2920976800,462.2494433400,457.1856779200,8448515,107485968.0000,1,0.249635,1,1.107600,11.740255,1.877488,0.598721,5.353908,0
2013-07-17,sz.000527,462.2494433400,469.4833939400,458.2707705100,461.1643507500,462.2494433400,12979731,166374704.0000,1,0.383522,1,-0.234700,11.712695,1.873081,0.597316,5.341340,0
2013-07-18,sz.000527,459.3558631000,463.6962334600,447.7815421400,449.9517273200,461.1643507500,13883380,173555280.0000,1,0.410223,1,-2.431400,11.427916,1.827539,0.582793,5.211472,0
2013-07-19,sz.000527,449.2283322600,456.1005853300,445.2496594300,445.9730544900,449.9517273200,19385915,241905568.0000,1,0.572811,1,-0.884200,11.326865,1.811379,0.577639,5.165390,0
2013-07-22,sz.000527,441.2709866000,448.5049372000,434.7604310600,446.6964495500,445.9730544900,10594888,129685232.0000,1,0.313056,1,0.162200,11.345238,1.814317,0.578576,5.173769,0
2013-07-23,sz.000527,447.7815421400,458.6324680400,443.0794742500,454.6537952100,446.6964495500,13157082,164356752.0000,1,0.388763,1,1.781400,11.547340,1.846637,0.588883,5.265933,0
2013-07-24,sz.000527,452.1219125000,457.1856779200,443.4411717800,451.3985174400,454.6537952100,13721341,171144832.0000,1,0.405435,1,-0.716000,11.464662,1.833415,0.584667,5.228229,0
2013-07-25,sz.000527,455.0154927400,456.8239803900,444.5262643700,449.5900297900,451.3985174400,13803778,171697760.0000,1,0.407871,1,-0.400600,11.418730,1.826070,0.582324,5.207283,0
2013-07-26,sz.000527,446.6964495500,493.3554309200,446.6964495500,478.8875297200,449.5900297900,36546521,476420032.0000,1,1.079869,1,6.516500,12.162830,1.945066,0.620271,5.546615,0
2013-07-29,sz.000527,481.0577149000,491.5469432700,471.2918815900,481.0577149000,478.8875297200,32426827,431816544.0000,1,0.958141,1,0.453200,12.217949,1.953880,0.623082,5.571751,0
2013-07-30,sz.000527,484.6746902000,486.1214803200,472.3769741800,474.5471593600,481.0577149000,12794596,169145376.0000,1,0.378052,1,-1.353400,12.052593,1.927437,0.614650,5.496344,0
2013-07-31,sz.000527,493.3554309200,519.0359555500,480.6960173700,483.5895976100,474.5471593600,26739016,366043936.0000,1,0.790079,1,1.905500,12.282254,1.964164,0.626362,5.601076,0
2013-08-01,sz.000527,491.5469432700,504.2063568200,485.0363877300,495.1639185700,483.5895976100,23413823,320801152.0000,1,0.691827,1,2.393400,12.576220,2.011175,0.641353,5.735133,0
2013-08-02,sz.000527,496.6107086900,505.2914494100,489.0150605600,491.5469432700,495.1639185700,14630347,200021888.0000,1,0.432294,1,-0.730500,12.484355,1.996484,0.636668,5.693240,0
2013-08-05,sz.000527,494.0788259800,495.5256161000,484.3129926700,485.7597827900,491.5469432700,16246434,218774336.0000,1,0.480046,1,-1.177300,12.337372,1.972978,0.629173,5.626212,0
2013-08-06,sz.000527,484.6746902000,502.0361716400,483.2279000800,501.3127765800,485.7597827900,25501871,349168448.0000,1,0.753524,1,3.201800,12.732389,2.036149,0.649317,5.806351,0
2013-08-07,sz.000527,502.3978691700,511.4403074200,496.2490111600,500.9510790500,501.3127765800,25539574,356103872.0000,1,0.754638,1,-0.072200,12.723202,2.034680,0.648849,5.802162,0
2013-08-08,sz.000527,513.6104926000,522.6529308500,505.2914494100,512.5254000100,500.9510790500,34241226,484335232.0000,1,1.011753,1,2.310500,13.017168,2.081691,0.663840,5.936219,0
2013-08-09,sz.000527,514.6955851900,524.0997209700,512.1637024800,517.9508629600,512.5254000100,29975389,429318560.0000,1,0.885707,1,1.058600,13.154964,2.103727,0.670868,5.999058,0
2013-08-12,sz.000527,521.5678382600,526.6316036800,518.3125604900,521.5678382600,517.9508629600,32015511,462302592.0000,1,0.945988,1,0.698300,13.246829,2.118418,0.675552,6.040951,0
2013-08-13,sz.000527,520.8444432000,521.5678382600,505.6531469400,506.7382395300,521.5678382600,27849752,392651584.0000,1,0.822899,1,-2.843300,12.870185,2.058185,0.656345,5.869190,0
2013-08-14,sz.000527,506.7382395300,522.2912333200,500.2276839900,507.0999370600,506.7382395300,36609673,518014720.0000,1,1.081735,1,0.071400,12.879372,2.059654,0.656813,5.873379,0
2013-08-15,sz.000527,507.0999370600,507.0999370600,507.0999370600,507.0999370600,507.0999370600,0,0.0000,1,,0,0.000000,12.879372,2.059654,0.656813,5.873379,0
2013-08-16,sz.000527,507.0999370600,507.0999370600,507.0999370600,507.0999370600,507.0999370600,0,0.0000,1,,0,0.000000,12.879372,2.059654,0.656813,5.873379,0
2013-08-19,sz.000527,507.0999370600,507.0999370600,507.0999370600,507.0999370600,507.0999370600,0,0.0000,1,,0,0.000000,12.879372,2.059654,0.656813,5.873379,0
2013-08-20,sz.000527,507.0999370600,507.0999370600,507.0999370600,507.0999370600,507.0999370600,0,0.0000,1,,0,0.000000,12.879372,2.059654,0.656813,5.873379,0
2013-08-21,sz.000527,507.0999370600,507.0999370600,507.0999370600,507.0999370600,507.0999370600,0,0.0000,1,,0,0.000000,12.879372,2.059654,0.656813,5.873379,0
2013-08-22,sz.000527,507.0999370600,507.0999370600,507.0999370600,507.0999370600,507.0999370600,0,0.0000,1,,0,0.000000,12.879372,2.059654,0.656813,5.873379,0
2013-08-23,sz.000527,507.0999370600,507.0999370600,507.0999370600,507.0999370600,507.0999370600,0,0.0000,1,,0,0.000000,12.879372,2.059654,0.656813,5.873379,0
2013-08-26,sz.000527,507.0999370600,507.0999370600,507.0999370600,507.0999370600,507.0999370600,0,0.0000,1,,0,0.000000,12.879372,2.059654,0.656813,5.873379,0
2013-08-27,sz.000527,507.0999370600,507.0999370600,507.0999370600,507.0999370600,507.0999370600,0,0.0000,1,,0,0.000000,12.879372,2.059654,0.656813,5.873379,0
2013-08-28,sz.000527,507.0999370600,507.0999370600,507.0999370600,507.0999370600,507.0999370600,0,0.0000,1,,0,0.000000,11.882804,2.102416,0.629555,8.880907,0
2013-08-29,sz.000527,507.0999370600,507.0999370600,507.0999370600,507.0999370600,507.0999370600,0,0.0000,1,,0,0.000000,11.882804,2.102416,0.629555,8.880907,0
2013-08-30,sz.000527,507.0999370600,507.0999370600,507.0999370600,507.0999370600,507.0999370600,0,0.0000,1,,0,0.000000,11.882804,2.102416,0.629555,8.880907,0
2013-09-02,sz.000527,507.0999370600,507.0999370600,507.0999370600,507.0999370600,507.0999370600,0,0.0000,1,,0,0.000000,11.882804,2.102416,0.629555,8.880907,0
2013-09-03,sz.000527,507.0999370600,507.0999370600,507.0999370600,507.0999370600,507.0999370600,0,0.0000,1,,0,0.000000,11.882804,2.102416,0.629555,8.880907,0
2013-09-04,sz.000527,507.0999370600,507.0999370600,507.0999370600,507.0999370600,507.0999370600,0,0.0000,1,,0,0.000000,11.882804,2.102416,0.629555,8.880907,0
2013-09-05,sz.000527,507.0999370600,507.0999370600,507.0999370600,507.0999370600,507.0999370600,0,0.0000,1,,0,0.000000,11.882804,2.102416,0.629555,8.880907,0
2013-09-06,sz.000527,507.0999370600,507.0999370600,507.0999370600,507.0999370600,507.0999370600,0,0.0000,1,,0,0.000000,11.882804,2.102416,0.629555,8.880907,0
2013-09-09,sz.000527,507.0999370600,507.0999370600,507.0999370600,507.0999370600,507.0999370600,0,0.0000,1,,0,0.000000,11.882804,2.102416,0.629555,8.880907,0
2013-09-10,sz.000527,507.0999370600,507.0999370600,507.0999370600,507.0999370600,507.0999370600,0,0.0000,1,,0,0.000000,11.882804,2.102416,0.629555,8.880907,0
2013-09-11,sz.000527,507.0999370600,507.0999370600,507.0999370600,507.0999370600,507.0999370600,0,0.0000,1,,0,0.000000,11.882804,2.102416,0.629555,8.880907,0
2013-09-12,sz.000527,507.0999370600,507.0999370600,507.0999370600,507.0999370600,507.0999370600,0,0.0000,1,,0,0.000000,11.882804,2.102416,0.629555,8.880907,0
2013-09-13,sz.000527,507.0999370600,507.0999370600,507.0999370600,507.0999370600,507.0999370600,0,0.0000,1,,0,0.000000,11.882804,2.102416,0.629555,8.880907,0
2013-09-16,sz.000527,507.0999370600,507.0999370600,507.0999370600,507.0999370600,507.0999370600,0,0.0000,1,,0,0.000000,11.882804,2.102416,0.629555,8.880907,0
2013-09-17,sz.000527,507.0999370600,507.0999370600,507.0999370600,507.0999370600,507.0999370600,0,0.0000,1,,0,0.000000,11.882804,2.102416,0.629555,8.880907,0
